recordId;nqamoyen
1;84.9
2;90.21
3;92.87
4;90.31
5;96.73
6;98.23
7;95.43
8;99.98
9;92.66
10;84.02
11;90.56
12;94.16
13;98.58
14;96.29
15;93.53
16;98.5
17;99.27
18;99.98
19;95.63
20;84.12
21;94.86
22;99.98
23;96.15
24;99.63
25;83.97
26;96.58
27;96.08
28;99.65
29;99.39
30;84.83
31;90.32
32;79.51
33;74.51
34;93.53
35;84.01
36;99.98
37;67.47
38;99.97
39;91.03
40;99.98
41;94.17
42;96.59
43;99.03
44;98.76
45;99.96
46;94.08
47;99.98
48;99.96
49;100
50;85.1
51;68.69
52;95.92
53;70.85
54;99.98
55;85.9
56;85.07
57;99.96
58;98.88
59;93.17
60;98.5
61;98.5
62;92.63
63;99.98
64;84.97
65;75.62
66;93.76
67;99
68;94
69;99.98
70;99.21
71;99.49
72;98.5
73;99.98
74;98.92
75;93.67
76;98.51
77;78.58
78;99.98
79;93.4
80;86.3
81;98.5
82;91.84
83;99.22
84;93.26
85;93.97
86;93.26
87;98.5
88;95.54
89;98.5
90;98.5
91;98.5
92;86.01
93;98.5
94;96.94
95;95.85
96;99.62
97;92.05
98;70.4
99;98.5
100;98.5
101;98.5
102;83.05
103;98.5
104;98.51
105;99.98
106;99.98
107;99.98
108;98.5
109;99.16
110;92.68
111;73.21
112;75.47
113;64.76
114;95.63
115;73.84
116;71.3
117;91.11
118;86.07
119;89.33
120;99.98
121;98.51
122;99.96
123;98.5
124;95.66
125;93.86
126;95.07
127;82.3
128;97.37
129;98.77
130;99.52
131;85.8
132;85.09
133;84
134;98.51
135;98.5
136;98.5
137;84.26
138;67.1
139;99.37
140;97.43
141;98.96
142;98.5
143;95.78
144;99.51
145;88.97
146;98.57
147;90.31
148;99.53
149;92.22
150;99.57
151;90.59
152;82.97
153;92.61
154;78.08
155;78.28
156;83.96
157;95
158;98.51
159;96.15
160;79.37
161;65.33
162;92.74
163;99.55
164;98.5
165;99.85
166;99.78
167;99.37
168;99.93
169;96.21
170;69.78
171;98.51
172;99.75
173;96.59
174;96.55
175;98.5
176;98.5
177;99.49
178;99.55
179;62.23
180;94.41
181;90.28
182;84.91
183;81.99
184;97.32
185;94.86
186;99.23
187;95.83
188;99.78
189;93.46
190;98.54
191;91.9
192;96.25
193;93.78
194;95.71
195;99.93
196;93.48
197;96.21
198;99.93
199;98.5
200;98.5
201;98.51
202;99.2
203;64.73
204;66.08
205;99.18
206;96.73
207;71.56
208;94.07
209;92.54
210;91.23
211;76.44
212;99.93
213;98.5
214;98.51
215;69.61
216;93.37
217;97.51
218;97.63
219;98.61
220;98.98
221;98.52
222;99.98
223;93.99
224;99.58
225;89.72
226;94.78
227;99.23
228;71.15
229;91
230;94.04
231;96.27
232;99.07
233;82.33
234;99.84
235;99.3
236;98.5
237;98.5
238;98.5
239;92.4
240;82.36
241;98.5
242;84.73
243;81.12
244;99.81
245;99.98
246;98.5
247;99.3
248;91.38
249;85.72
250;67.6
251;99.98
252;84.02
253;99.98
254;99.98
255;95.86
256;72.26
257;92.17
258;95.5
259;70.91
260;98.5
261;99.19
262;98.5
263;98.5
264;60.24
265;99.96
266;98.8
267;95.99
268;98.5
269;79.86
270;99.04
271;89.07
272;97.4
273;93.86
274;92.25
275;95.74
276;85.73
277;98.52
278;91.04
279;76.8
280;74.58
281;98.5
282;84.34
283;68.16
284;96.54
285;98.89
286;98.5
287;91.49
288;82.65
289;98.5
290;98.5
291;98.5
292;92.68
293;65.76
294;59.26
295;93.67
296;85.81
297;83.89
298;96.45
299;98.5
300;98.52
301;99.93
302;99.33
303;98.5
304;95.67
305;97.33
306;85.27
307;83.15
308;84.09
309;82.48
310;82.58
311;92.36
312;98.88
313;96.56
314;95.81
315;95.85
316;99.93
317;96.09
318;92.26
319;93.47
320;95.01
321;84.96
322;92.6
323;98.53
324;98.5
325;98.5
326;98.5
327;64.01
328;80.36
329;98.9
330;96.91
331;92.7
332;80
333;82.94
334;92.49
335;99.43
336;65.67
337;91.95
338;92.1
339;98.52
340;98.77
341;98.55
342;99.55
343;99.97
344;99.25
345;92.33
346;98.89
347;70.58
348;98.5
349;98.5
350;99.93
351;98.5
352;98.57
353;99.96
354;99.98
355;98.5
356;92.98
357;98.51
358;98.51
359;99.98
360;98.5
361;98.5
362;98.5
363;98.5
364;87.63
365;98.5
366;98.51
367;99.75
368;98.93
369;99.26
370;99.51
371;94.07
372;96.66
373;92.46
374;96.57
375;90.85
376;96.69
377;85.24
378;96.4
379;85.78
380;93.17
381;90.53
382;65.58
383;69.72
384;99.35
385;98.5
386;98.5
387;99.93
388;99.4
389;92.02
390;99.94
391;98.5
392;82.95
393;99.46
394;98.6
395;99.56
396;99.95
397;99.35
398;66.44
399;61.39
400;98.52
401;99.98
402;91.29
403;90.35
404;82.55
405;99.96
406;98.5
407;93.91
408;91.21
409;86.67
410;82.67
411;98.5
412;99.61
413;97.57
414;98.51
415;95.81
416;93.67
417;97.03
418;98.5
419;99.93
420;99.96
421;92.4
422;99.44
423;97.29
424;94.57
425;89.66
426;94.18
427;95.25
428;99.69
429;95.96
430;81.49
431;65.67
432;98.5
433;60.23
434;96.65
435;96.03
436;99.68
437;93.97
438;99.98
439;99.96
440;78.74
441;99.46
442;98.51
443;99.46
444;98.8
445;99.82
446;98.5
447;98.5
448;73.54
449;64.39
450;98.89
451;99.96
452;74.31
453;98.62
454;98.52
455;99.96
456;99.36
457;75.72
458;93.91
459;76.18
460;75.17
461;83.56
462;99.72
463;79.89
464;83.42
465;96.01
466;98.83
467;98.5
468;98.5
469;68.8
470;98.51
471;56.39
472;98.51
473;85.4
474;92.96
475;92.8
476;96.09
477;96.55
478;77.17
479;99.98
480;84.46
481;96.8
482;93.57
483;91.46
484;98.5
485;83.95
486;85.86
487;90.53
488;92.5
489;95.81
490;98.5
491;97.23
492;96.64
493;99.42
494;85.33
495;92.59
496;97.27
497;98.5
498;74.02
499;85.7
500;98.5
501;90.53
502;98.5
503;95.38
504;97.19
505;90.85
506;98.5
507;93.64
508;98.76
509;98.5
510;99.98
511;61.53
512;85.65
513;96.42
514;77.58
515;96.5
516;98.81
517;99.93
518;80.98
519;84.65
520;90.32
521;73.89
522;84.25
523;99.98
524;78.33
525;85.97
526;84.45
527;85.12
528;98.5
529;98.5
530;98.5
531;98.51
532;84.55
533;99.93
534;99.09
535;75.14
536;99.31
537;99.42
538;93.98
539;99.98
540;99.93
541;99.44
542;98.5
543;94.8
544;81.85
545;85.07
546;95.73
547;99.5
548;79.12
549;65.4
550;99.96
551;93.08
552;71.7
553;81.37
554;82.83
555;98.5
556;83.18
557;67.09
558;92.15
559;84.83
560;92.06
561;99.72
562;72
563;62.69
564;78.96
565;92.98
566;84.26
567;91.78
568;98.5
569;99.56
570;98.93
571;99.6
572;98.5
573;98.5
574;75.29
575;98.5
576;56.03
577;62.3
578;99.02
579;99.26
580;99.2
581;99.96
582;74.85
583;98.55
584;98.82
585;98.9
586;91.86
587;99.32
588;99.96
589;81.05
590;98.5
591;93.11
592;92.78
593;99.58
594;96.71
595;99.22
596;91.57
597;99.75
598;99.93
599;98.5
600;97.87
601;96.26
602;81.02
603;98.5
604;98.51
605;98.52
606;98.5
607;67.36
608;98.51
609;75.69
610;86.21
611;91.02
612;84.42
613;80.6
614;90.54
615;92.64
616;92.28
617;91.98
618;85.73
619;97.06
620;82.55
621;99.5
622;99.14
623;99.96
624;97.29
625;98.5
626;99.49
627;99.59
628;99.28
629;96.99
630;98.69
631;86.44
632;93.12
633;98.5
634;95.58
635;93.39
636;99.9
637;99.41
638;93.43
639;93.66
640;95.31
641;91.46
642;95.65
643;94.11
644;96.85
645;93.15
646;99.96
647;93.11
648;90.95
649;97
650;90.85
651;93.8
652;98.5
653;97.69
654;69.7
655;73.41
656;85.52
657;96.56
658;93.36
659;81.35
660;98.83
661;91.09
662;74.55
663;93.09
664;96.52
665;98.5
666;98.5
667;99.39
668;99.89
669;99.5
670;99.46
671;98.5
672;91.18
673;98.5
674;85.35
675;76.83
676;91.14
677;55.12
678;99.47
679;98.65
680;99.86
681;99.12
682;98.53
683;99.02
684;99.98
685;96.65
686;99.58
687;74.67
688;98.55
689;98.94
690;98.93
691;98.5
692;86.34
693;92.37
694;84.81
695;99.98
696;92.29
697;80.8
698;99.31
699;95.66
700;92.65
701;84.9
702;98.76
703;83.13
704;77.35
705;91.48
706;95.41
707;81.45
708;99.64
709;95.9
710;98.5
711;97.14
712;85.06
713;98.5
714;91.21
715;99.96
716;99.54
717;99.45
718;99.27
719;99.33
720;99.05
721;99.02
722;95.59
723;99.29
724;93.39
725;93.28
726;92.46
727;98.5
728;58.67
729;91.17
730;99.55
731;91.79
732;90.62
733;80.24
734;82.85
735;99.96
736;93.55
737;93.35
738;98.5
739;97.32
740;99.92
741;82.06
742;66.25
743;81.83
744;98.5
745;99.14
746;98.5
747;58.07
748;98.51
749;99.93
750;99.96
751;98.5
752;67.99
753;88.6
754;83.06
755;95.64
756;97.3
757;68.71
758;75.29
759;63.74
760;91.17
761;99.71
762;98.5
763;98.5
764;98.5
765;98.5
766;99.49
767;99.51
768;99.5
769;99.96
770;99.29
771;98.56
772;99.96
773;72.07
774;86.67
775;92.65
776;99.98
777;75.96
778;98.85
779;98.5
780;99.98
781;99.98
782;71.33
783;99.25
784;99.88
785;98.73
786;78.44
787;98.6
788;98.5
789;96.8
790;78.01
791;96.65
792;99.41
793;97.04
794;80.43
795;86.42
796;82.46
797;91.73
798;99.59
799;81.91
800;80.37
801;94.16
802;99.93
803;97.89
804;98.5
805;98.51
806;57.11
807;98.5
808;66.97
809;66.37
810;98.5
811;98.51
812;98.51
813;98.51
814;98.51
815;98.5
816;91.87
817;69.31
818;92.36
819;83.89
820;97.49
821;91.15
822;83.43
823;93.75
824;86.52
825;78.66
826;91.26
827;91.48
828;60.16
829;72.47
830;98.5
831;89.38
832;98.94
833;98.51
834;93.01
835;98.5
836;98.5
837;99.93
838;93.62
839;98.5
840;98.75
841;99.35
842;99.98
843;95.56
844;99.18
845;98.5
846;98.5
847;98.5
848;99
849;92.27
850;99.37
851;85.78
852;96.15
853;92.96
854;94.05
855;60.48
856;98.5
857;98.5
858;84.12
859;96.14
860;96.69
861;95.35
862;99.84
863;96.91
864;99.42
865;99.42
866;99.36
867;99.46
868;95.82
869;98.5
870;93.49
871;97.01
872;93.46
873;95.66
874;96.43
875;93.77
876;94.39
877;93.29
878;98.5
879;96.13
880;95.11
881;98.5
882;90.62
883;98.51
884;95.91
885;93.35
886;90.5
887;83.18
888;93.13
889;91.96
890;71.69
891;99.96
892;85.77
893;96.05
894;89.74
895;62.81
896;84.7
897;90.54
898;98.5
899;69.31
900;96.41
901;98.5
902;95.54
903;98.5
904;99.96
905;98.5
906;98.5
907;65.54
908;75.69
909;62.69
910;96.38
911;98.5
912;91.25
913;67.61
914;90.81
915;99.96
916;99.42
917;84.12
918;96.85
919;94.24
920;92.51
921;79.5
922;99.07
923;93.58
924;91.33
925;95.73
926;99.25
927;98.5
928;92.5
929;91.65
930;99.99
931;98.5
932;92.93
933;98.79
934;98.71
935;98.5
936;99.4
937;98.5
938;99.43
939;98.73
940;99.45
941;98.5
942;99.91
943;99.1
944;94.18
945;98.5
946;71.74
947;83.81
948;96.26
949;99.55
950;82.87
951;69.1
952;98.5
953;88.54
954;84.08
955;77.58
956;91.77
957;88.98
958;59.7
959;99.92
960;60.64
961;98.64
962;99.98
963;91.17
964;75.69
965;82.52
966;76.37
967;79.65
968;98.53
969;92
970;72.19
971;90.82
972;99.98
973;99.98
974;91.36
975;85.5
976;98.5
977;99.96
978;99.64
979;99.72
980;99.91
981;98.5
982;99.93
983;84.4
984;96.88
985;74.43
986;86.14
987;73.97
988;89.91
989;82.66
990;72.83
991;93.26
992;84.69
993;82.52
994;86.37
995;93.11
996;92.57
997;83.61
998;91.48
999;99.28
1000;87.96
1001;80.67
1002;92.76
1003;99.77
1004;82.55
1005;99.6
1006;82.21
1007;99.59
1008;94.37
1009;99.58
1010;91.8
1011;96.18
1012;80.23
1013;95.94
1014;93.15
1015;99.57
1016;71.28
1017;99.31
1018;98.5
1019;92.29
1020;85.53
1021;95.7
1022;96.14
1023;93
1024;98.5
1025;99.96
1026;99.02
1027;98.5
1028;91.11
1029;96.07
1030;91.75
1031;99.43
1032;99.13
1033;99.96
1034;98.09
1035;65.35
1036;99.98
1037;60.94
1038;99.93
1039;89.98
1040;92.99
1041;97.39
1042;90.82
1043;92.5
1044;91.85
1045;92.58
1046;84.88
1047;93.28
1048;99.09
1049;90.88
1050;93.01
1051;92.71
1052;59.79
1053;99.98
1054;98.63
1055;99.19
1056;66.35
1057;96.33
1058;98.5
1059;98.5
1060;98.98
1061;60.73
1062;93.79
1063;99.41
1064;98.5
1065;71.36
1066;98.5
1067;87.92
1068;60.32
1069;71.35
1070;96.07
1071;97.43
1072;94.28
1073;99.96
1074;99.98
1075;95.56
1076;99.96
1077;97.12
1078;99.96
1079;74.09
1080;69.81
1081;60.87
1082;98.9
1083;98.5
1084;99.54
1085;98.67
1086;98.5
1087;99.96
1088;98.56
1089;99.64
1090;99.15
1091;99.09
1092;99.57
1093;73.23
1094;75.86
1095;96.03
1096;72.58
1097;69.94
1098;97.22
1099;90.47
1100;99.35
1101;99.16
1102;99.44
1103;99.83
1104;98.5
1105;99.24
1106;99.88
1107;99.98
1108;83.71
1109;99.98
1110;99.96
1111;99.29
1112;99.95
1113;98.5
1114;74.9
1115;98.54
1116;99.63
1117;81.26
1118;95.56
1119;66.51
1120;99.96
1121;99.96
1122;99.19
1123;99.96
1124;79.42
1125;74.72
1126;96.75
1127;87.09
1128;98.5
1129;71.43
1130;96.5
1131;97.92
1132;99.26
1133;98.5
1134;98.73
1135;91.47
1136;85.61
1137;99.55
1138;99.31
1139;98.5
1140;99.05
1141;96.65
1142;95.01
1143;98.71
1144;98.52
1145;67.24
1146;98.51
1147;59.82
1148;58.12
1149;61.47
1150;98.51
1151;0
1152;92.68
1153;79.71
1154;91.73
1155;86.24
1156;90.97
1157;96.45
1158;83.73
1159;95.63
1160;83.79
1161;84.94
1162;80.93
1163;77.23
1164;67.96
1165;98.51
1166;87.14
1167;98.51
1168;98.5
1169;98.51
1170;64.98
1171;98.51
1172;99.96
1173;99.44
1174;98.56
1175;99.52
1176;93.31
1177;92.07
1178;93.24
1179;99.98
1180;99.2
1181;99.49
1182;99.94
1183;98.5
1184;98.5
1185;91.16
1186;97.01
1187;84.61
1188;99.96
1189;96.17
1190;99.7
1191;98.89
1192;90.31
1193;98.15
1194;99.82
1195;95.43
1196;85.23
1197;99.19
1198;99.52
1199;99.3
1200;99.98
1201;99.32
1202;82.98
1203;99.28
1204;99.6
1205;83.41
1206;93.06
1207;99.37
1208;99.58
1209;99.6
1210;93.22
1211;99.24
1212;99.96
1213;86.85
1214;92.11
1215;95.37
1216;96.08
1217;87.5
1218;92.3
1219;91.13
1220;90.82
1221;61.58
1222;92.83
1223;82.83
1224;98.5
1225;88.44
1226;73.21
1227;96.35
1228;85.86
1229;99.93
1230;98.5
1231;99.7
1232;96.07
1233;96.45
1234;90.66
1235;99.93
1236;98.5
1237;93.93
1238;99.98
1239;92.94
1240;67.56
1241;97.38
1242;95.84
1243;93.69
1244;85.65
1245;99.96
1246;84.95
1247;90.25
1248;98.88
1249;98.5
1250;98.5
1251;98.5
1252;86.41
1253;90.62
1254;98.5
1255;84.44
1256;99.75
1257;98.5
1258;98.98
1259;99.98
1260;62.95
1261;61.49
1262;98.5
1263;98.5
1264;93.98
1265;99.07
1266;99.03
1267;99.28
1268;98.95
1269;98.5
1270;98.97
1271;98.5
1272;94.42
1273;99.15
1274;99.13
1275;68.62
1276;94.92
1277;97.22
1278;98.79
1279;65.19
1280;80.29
1281;67.6
1282;66.23
1283;71.8
1284;98.5
1285;99.95
1286;99.23
1287;85.89
1288;93.85
1289;96.75
1290;99.98
1291;93.97
1292;86.09
1293;92.68
1294;96.32
1295;91.15
1296;84.46
1297;92.65
1298;91.62
1299;89.2
1300;66.39
1301;99.98
1302;99.98
1303;93.8
1304;76.05
1305;99.96
1306;96.9
1307;93.69
1308;93.49
1309;71.58
1310;74.01
1311;98.5
1312;67.47
1313;85.97
1314;99.55
1315;81.92
1316;71.3
1317;98.5
1318;73
1319;80.35
1320;79.21
1321;89.42
1322;99.5
1323;98.5
1324;96.56
1325;81.87
1326;98.5
1327;99.56
1328;98.51
1329;99.62
1330;98.5
1331;98.5
1332;98.5
1333;99.96
1334;99.55
1335;98.5
1336;99.41
1337;99.05
1338;98.5
1339;98.5
1340;99.62
1341;98.78
1342;98.5
1343;99.36
1344;99.44
1345;98.92
1346;99.96
1347;99.44
1348;98.5
1349;98.5
1350;99.13
1351;99.66
1352;95.98
1353;99.96
1354;98.5
1355;98.5
1356;70.68
1357;98.5
1358;99.59
1359;68.41
1360;89.73
1361;68.54
1362;85.21
1363;98.5
1364;84.9
1365;73.41
1366;66.02
1367;80.66
1368;60.7
1369;76.43
1370;80.29
1371;99.98
1372;80.01
1373;84.48
1374;74.12
1375;77.6
1376;77.76
1377;69.76
1378;76.74
1379;81.12
1380;86.46
1381;96.11
1382;85.69
1383;83.09
1384;78.72
1385;85.3
1386;81.08
1387;99.98
1388;99.98
1389;83.62
1390;81.19
1391;74.18
1392;92.93
1393;76.19
1394;77.87
1395;72.23
1396;99.43
1397;91.15
1398;99.89
1399;99.53
1400;99.46
1401;84.92
1402;70.48
1403;98.5
1404;99.55
1405;99.36
1406;99.93
1407;96.81
1408;96.53
1409;98.5
1410;96.94
1411;99.93
1412;98.5
1413;91.08
1414;99.96
1415;98.5
1416;98.5
1417;98.5
1418;99.95
1419;99.44
1420;99.3
1421;90.65
1422;79.6
1423;98.69
1424;99.41
1425;98.5
1426;93.64
1427;97.1
1428;92.98
1429;69.14
1430;94.31
1431;72.81
1432;98.51
1433;97.99
1434;99.93
1435;99.96
1436;98.62
1437;84.5
1438;99.6
1439;99.44
1440;99.6
1441;99.26
1442;99.44
1443;99.42
1444;99.38
1445;99.24
1446;99.53
1447;99.46
1448;99.4
1449;99.55
1450;98.5
1451;98.5
1452;98.5
1453;98.5
1454;98.52
1455;95.3
1456;99.28
1457;96.94
1458;99.28
1459;99.06
1460;99.65
1461;93.96
1462;95.73
1463;99.98
1464;99.37
1465;95.85
1466;99.98
1467;98.5
1468;98.5
1469;95.58
1470;93
1471;97.88
1472;99.16
1473;99.49
1474;99.38
1475;99.45
1476;99.55
1477;99.51
1478;80.94
1479;99.45
1480;99.98
1481;94.75
1482;99.27
1483;94.74
1484;91.52
1485;99.93
1486;88.3
1487;84.03
1488;90.34
1489;94.66
1490;94.42
1491;93.83
1492;90.87
1493;90.8
1494;99.96
1495;93.69
1496;91.7
1497;99.98
1498;98.53
1499;84.44
1500;93.5
1501;93.72
1502;99.4
1503;91.72
1504;93.2
1505;98.99
1506;99.29
1507;96.41
1508;97.57
1509;55.99
1510;94.42
1511;98.5
1512;55.76
1513;74.85
1514;98.5
1515;99.36
1516;99.06
1517;70.42
1518;81.5
1519;70.48
1520;56.5
1521;98.76
1522;98.58
1523;98.5
1524;99.11
1525;99.33
1526;98.5
1527;99.35
1528;99.65
1529;99.02
1530;99.08
1531;95.98
1532;99.38
1533;98.51
1534;98.5
1535;98.5
1536;98.82
1537;91.25
1538;98.5
1539;75.22
1540;98.5
1541;54.53
1542;61.88
1543;68.98
1544;61.15
1545;59.78
1546;73.3
1547;69.87
1548;72.91
1549;75.18
1550;80.23
1551;98.5
1552;98.5
1553;71.14
1554;96.88
1555;97.47
1556;90.95
1557;94.06
1558;99.96
1559;83.03
1560;92.93
1561;98.5
1562;92.23
1563;96.69
1564;97.35
1565;99.96
1566;99.81
1567;99.88
1568;97.33
1569;69.07
1570;84.78
1571;97.13
1572;98.52
1573;98.5
1574;81.87
1575;98.5
1576;77.35
1577;91.84
1578;99.64
1579;98.65
1580;99.59
1581;98.5
1582;98.5
1583;98.8
1584;99.41
1585;99.6
1586;99.96
1587;98.5
1588;98.5
1589;99.21
1590;99.33
1591;99.45
1592;99.59
1593;98.87
1594;98.5
1595;99.96
1596;98.5
1597;99.59
1598;98.53
1599;99.15
1600;98.5
1601;98.5
1602;99.78
1603;98.71
1604;98.5
1605;99.95
1606;99.61
1607;99.71
1608;98.81
1609;98.5
1610;99.58
1611;99.96
1612;98.66
1613;98.82
1614;65.29
1615;97.03
1616;98.5
1617;98.5
1618;77.05
1619;59.33
1620;73.37
1621;99.98
1622;80.37
1623;61.1
1624;66.61
1625;96.84
1626;71.36
1627;87.34
1628;72.43
1629;66.92
1630;55.12
1631;79.8
1632;69.37
1633;92.25
1634;75.84
1635;87.3
1636;85.6
1637;57.21
1638;75.48
1639;57.4
1640;99.96
1641;98.55
1642;99.98
1643;99.75
1644;99.98
1645;81.19
1646;84.78
1647;79.24
1648;99.09
1649;98.84
1650;69.37
1651;90.32
1652;80.24
1653;74.48
1654;99.98
1655;92.8
1656;73.19
1657;74.07
1658;75.51
1659;90.45
1660;99.02
1661;92.96
1662;99.98
1663;77.76
1664;99.96
1665;69.92
1666;75.78
1667;71.48
1668;75.58
1669;76.35
1670;91.43
1671;74.8
1672;97.68
1673;74.31
1674;72.81
1675;91.39
1676;74.9
1677;77.15
1678;68.26
1679;96.35
1680;86.45
1681;76.67
1682;92.83
1683;75.26
1684;99.62
1685;99.5
1686;99.41
1687;57.97
1688;99.65
1689;86.12
1690;98.5
1691;86.38
1692;89.14
1693;98.5
1694;99.96
1695;83.73
1696;98.5
1697;99.96
1698;65.58
1699;98.5
1700;98.59
1701;81.12
1702;98.5
1703;69.01
1704;98.51
1705;98.61
1706;75.23
1707;81.46
1708;98.53
1709;56.56
1710;98.52
1711;98.5
1712;60.45
1713;67.16
1714;98.52
1715;60.27
1716;98.51
1717;70.89
1718;98.52
1719;98.5
1720;64.93
1721;98.5
1722;54.77
1723;66.8
1724;70.15
1725;98.51
1726;50.88
1727;98.52
1728;98.51
1729;67.11
1730;64.21
1731;98.51
1732;77.32
1733;98.51
1734;58.56
1735;61.07
1736;59.17
1737;64.48
1738;98.5
1739;58.94
1740;98.52
1741;98.5
1742;84.42
1743;91.1
1744;82.07
1745;83.53
1746;83.07
1747;97.06
1748;93.48
1749;93.51
1750;83.64
1751;85.44
1752;93.88
1753;95.78
1754;79.36
1755;81.41
1756;83.48
1757;84.14
1758;61.51
1759;90.75
1760;96.87
1761;92.66
1762;90.22
1763;79.68
1764;96.59
1765;79.6
1766;98.51
1767;98.5
1768;98.51
1769;74.91
1770;98.51
1771;93.98
1772;84.14
1773;98.5
1774;99
1775;99.63
1776;99.95
1777;99.98
1778;99.46
1779;83.32
1780;91.6
1781;98.92
1782;99.4
1783;99.5
1784;99.47
1785;99.53
1786;99.32
1787;99.5
1788;99.91
1789;99.53
1790;99.52
1791;99.49
1792;99.78
1793;99.96
1794;99.62
1795;98.5
1796;99.7
1797;98.54
1798;98.51
1799;98.5
1800;99.44
1801;96.58
1802;95.73
1803;98.7
1804;98.5
1805;97.8
1806;99.17
1807;92.03
1808;98.51
1809;98.5
1810;99.96
1811;99.63
1812;98.5
1813;99.54
1814;96.79
1815;99.24
1816;99.4
1817;92.79
1818;99.96
1819;96.83
1820;95.55
1821;99.98
1822;99.98
1823;97.66
1824;97.19
1825;99.66
1826;92.81
1827;57.02
1828;98.5
1829;92.68
1830;78.17
1831;83.32
1832;99.44
1833;99.52
1834;99.59
1835;86.35
1836;99.31
1837;90.41
1838;99.05
1839;99.3
1840;99.31
1841;99.55
1842;99.55
1843;92.35
1844;99.53
1845;92.11
1846;99.51
1847;70.91
1848;99.93
1849;84.96
1850;95.2
1851;82.18
1852;92.21
1853;61.77
1854;91.41
1855;96.89
1856;92.95
1857;68.28
1858;89.55
1859;89.49
1860;99.93
1861;99.96
1862;99.96
1863;99.96
1864;99.96
1865;79.1
1866;99.96
1867;99.96
1868;99.96
1869;99.96
1870;90.26
1871;63.54
1872;98.5
1873;97.01
1874;85.61
1875;97.83
1876;98.5
1877;95.91
1878;92.74
1879;84.91
1880;92.63
1881;94.08
1882;99.98
1883;92.33
1884;94.3
1885;93.21
1886;95.66
1887;83.95
1888;93.73
1889;94.57
1890;97.32
1891;98.54
1892;93.55
1893;93.9
1894;91.68
1895;96.68
1896;99.96
1897;83.96
1898;98.5
1899;93.94
1900;93.18
1901;98.95
1902;98.8
1903;82.29
1904;85.88
1905;99.96
1906;99.98
1907;85.2
1908;96.07
1909;95.71
1910;96.85
1911;98.82
1912;99.98
1913;99.25
1914;99.98
1915;99.52
1916;80.46
1917;69.04
1918;99.57
1919;99.32
1920;92.61
1921;99.23
1922;96.82
1923;99.08
1924;98.5
1925;98.5
1926;98.5
1927;98.5
1928;63.25
1929;98.5
1930;99.98
1931;99.35
1932;98.5
1933;98.51
1934;99.44
1935;98.5
1936;98.5
1937;98.96
1938;98.5
1939;98.7
1940;98.5
1941;99
1942;61.51
1943;98.5
1944;98.98
1945;99.73
1946;98.51
1947;98.5
1948;98.5
1949;99.45
1950;98.5
1951;98.5
1952;92.7
1953;98.5
1954;93.88
1955;94.41
1956;79.26
1957;82.3
1958;61.19
1959;65.99
1960;98.5
1961;65.04
1962;73.57
1963;75.37
1964;59.38
1965;66.97
1966;63.41
1967;86.74
1968;70.69
1969;64.63
1970;98.5
1971;98.5
1972;98.5
1973;98.5
1974;63.45
1975;93.75
1976;75.55
1977;66.24
1978;96.96
1979;96.74
1980;63.24
1981;97.29
1982;98.5
1983;98.89
1984;98.68
1985;99.96
1986;93.46
1987;98.5
1988;97.1
1989;95.85
1990;80.22
1991;95.06
1992;98.5
1993;82.83
1994;99.96
1995;84.75
1996;92.74
1997;84.78
1998;93.74
1999;91.05
2000;97.16
2001;96.62
2002;98.63
2003;98.66
2004;82.05
2005;84.6
2006;93.41
2007;97.53
2008;99.63
2009;95.81
2010;95.89
2011;96.82
2012;82.54
2013;82.54
2014;70.68
2015;66.23
2016;66.38
2017;89.21
2018;95.8
2019;68.47
2020;64.5
2021;80.96
2022;78.05
2023;82.62
2024;71.87
2025;96.73
2026;96.24
2027;96.83
2028;86.56
2029;72.16
2030;78.26
2031;90.38
2032;80.01
2033;92.56
2034;99.96
2035;66.3
2036;76.05
2037;97.02
2038;96.05
2039;72.96
2040;91.02
2041;91.84
2042;73.89
2043;74.66
2044;70.33
2045;70.78
2046;80.87
2047;99.61
2048;98.5
2049;91.69
2050;99.41
2051;98.71
2052;98.5
2053;98.5
2054;99.26
2055;99.55
2056;99.64
2057;98.5
2058;98.5
2059;98.5
2060;99.48
2061;99.41
2062;99.42
2063;99.51
2064;98.5
2065;99.4
2066;99.74
2067;98.73
2068;98.5
2069;98.5
2070;99.32
2071;99.96
2072;99.27
2073;99.65
2074;92.85
2075;98.68
2076;98.5
2077;99.56
2078;96.03
2079;98.5
2080;99.67
2081;98.5
2082;99.63
2083;99.79
2084;99.58
2085;98.5
2086;99.77
2087;98.5
2088;96.71
2089;98.5
2090;99.96
2091;99.3
2092;99.96
2093;99.48
2094;99.04
2095;98.82
2096;99.81
2097;98.51
2098;98.92
2099;99.24
2100;99.96
2101;98.98
2102;81.41
2103;98.5
2104;98.5
2105;84.56
2106;98.5
2107;92.47
2108;98.5
2109;60.4
2110;74.47
2111;73.12
2112;71.51
2113;98.5
2114;83.62
2115;98.5
2116;68.6
2117;64.04
2118;99.3
2119;84.85
2120;62.97
2121;67.87
2122;76.82
2123;81.42
2124;66.31
2125;98.5
2126;71.97
2127;78.53
2128;77.83
2129;83.29
2130;98.5
2131;72.03
2132;73.67
2133;64.36
2134;99.98
2135;73.23
2136;90.68
2137;80.08
2138;83.23
2139;79.78
2140;65.56
2141;81.03
2142;52.45
2143;98.45
2144;70.85
2145;85.34
2146;99.98
2147;99.98
2148;99.98
2149;98.5
2150;77.42
2151;99.36
2152;97.17
2153;99.98
2154;69.17
2155;85.45
2156;84.61
2157;96.87
2158;98.5
2159;98.8
2160;76.16
2161;86.32
2162;99.7
2163;73.4
2164;76.8
2165;74.66
2166;81.32
2167;82.41
2168;78.96
2169;99.8
2170;92.07
2171;74.33
2172;77.04
2173;84.82
2174;98.76
2175;93.51
2176;99.98
2177;87.18
2178;71.92
2179;83.4
2180;72.87
2181;92.87
2182;91.94
2183;70.58
2184;71.19
2185;96.72
2186;99.98
2187;98.87
2188;93.83
2189;73.01
2190;91.33
2191;98.74
2192;99.71
2193;73.86
2194;70.66
2195;78.72
2196;80.5
2197;75.94
2198;98.72
2199;78.16
2200;81
2201;74
2202;74.32
2203;77.08
2204;92.77
2205;91.36
2206;83.53
2207;72.01
2208;76.48
2209;95.66
2210;85.87
2211;92.35
2212;77.32
2213;83.84
2214;91.77
2215;80.61
2216;76.65
2217;98.5
2218;82.54
2219;99.2
2220;91.78
2221;74.91
2222;99.55
2223;99.47
2224;72.56
2225;87.21
2226;84.09
2227;83.07
2228;75.62
2229;79.92
2230;99.96
2231;98.7
2232;99.96
2233;99.5
2234;84.47
2235;81.69
2236;80.56
2237;99.59
2238;99.66
2239;97.54
2240;99.98
2241;82.83
2242;78.7
2243;77.69
2244;95.64
2245;96.53
2246;99.96
2247;81.55
2248;99.56
2249;77.18
2250;96.73
2251;99.93
2252;99.59
2253;99.66
2254;84.59
2255;96.35
2256;93.8
2257;93.81
2258;97.17
2259;98.5
2260;98.5
2261;92.21
2262;98.5
2263;98.5
2264;98.5
2265;98.5
2266;78.83
2267;99.92
2268;89.84
2269;90.96
2270;95.99
2271;93.94
2272;83.5
2273;98.5
2274;98.5
2275;94.64
2276;98.5
2277;94.16
2278;98.5
2279;94.47
2280;88.42
2281;98.5
2282;98.5
2283;99.93
2284;96.19
2285;98.53
2286;99.01
2287;96.78
2288;93.78
2289;99.94
2290;99.01
2291;99.42
2292;98.65
2293;99.42
2294;98.5
2295;99.96
2296;98.5
2297;98.5
2298;99
2299;98.5
2300;99.96
2301;99.93
2302;99.98
2303;99.44
2304;99.41
2305;99.53
2306;99.4
2307;99.61
2308;99.43
2309;99.54
2310;99.53
2311;99.48
2312;99.52
2313;99.32
2314;99.35
2315;99.48
2316;99.54
2317;98.73
2318;99.89
2319;98.5
2320;98.5
2321;98.9
2322;99.14
2323;99.39
2324;99.41
2325;98.5
2326;98.5
2327;98.71
2328;99.24
2329;98.5
2330;98.5
2331;98.76
2332;98.5
2333;51.32
2334;92.14
2335;93.48
2336;99.59
2337;99.15
2338;99.84
2339;96.28
2340;99.47
2341;91
2342;98.5
2343;93.82
2344;89.63
2345;99.93
2346;99.93
2347;98.5
2348;98.5
2349;98.51
2350;99.98
2351;86.61
2352;96.97
2353;99.58
2354;99.5
2355;99.35
2356;99.53
2357;99.53
2358;99.32
2359;99.4
2360;99.25
2361;99.54
2362;99.48
2363;99.56
2364;99.51
2365;99.59
2366;99.48
2367;99.39
2368;99.49
2369;99.53
2370;99.52
2371;99.5
2372;98.5
2373;97.31
2374;84.98
2375;61.59
2376;95.59
2377;97.4
2378;84.62
2379;98.5
2380;99.82
2381;97.31
2382;93.61
2383;99.93
2384;99.98
2385;99.68
2386;89.35
2387;86.03
2388;80.53
2389;91.81
2390;93.54
2391;81.93
2392;97.83
2393;99.96
2394;99.26
2395;98.82
2396;98.93
2397;59.07
2398;68.11
2399;99.96
2400;99.96
2401;99.43
2402;97.2
2403;98.5
2404;61.84
2405;98.51
2406;84.65
2407;99.23
2408;97.09
2409;89.57
2410;98.5
2411;98.62
2412;98.73
2413;98.62
2414;66.68
2415;98.5
2416;100
2417;98.73
2418;98.51
2419;99.71
2420;98.93
2421;67.24
2422;98.6
2423;99.7
2424;61.81
2425;99.39
2426;96.18
2427;98.5
2428;98.75
2429;51.6
2430;99.13
2431;99.85
2432;99.31
2433;98.68
2434;99.91
2435;98.56
2436;93.92
2437;99.58
2438;98.5
2439;98.5
2440;99.73
2441;98.88
2442;98.5
2443;98.84
2444;99.55
2445;98.5
2446;65.87
2447;99.59
2448;99.02
2449;98.51
2450;98.81
2451;98.55
2452;98.5
2453;98.5
2454;98.5
2455;98.5
2456;99.49
2457;98.99
2458;98.5
2459;99.68
2460;98.5
2461;99.09
2462;99
2463;98.8
2464;98.53
2465;98.5
2466;98.5
2467;98.51
2468;99.96
2469;73.33
2470;71.94
2471;69.24
2472;68.84
2473;82.94
2474;98.5
2475;64.37
2476;52.52
2477;63.47
2478;98.5
2479;53.34
2480;64.16
2481;98.5
2482;66.35
2483;63.3
2484;63.78
2485;70.01
2486;84.52
2487;72.08
2488;98.5
2489;98.5
2490;65.04
2491;69.26
2492;62.63
2493;75.47
2494;62.69
2495;64.52
2496;99.13
2497;82.34
2498;98.91
2499;98.95
2500;92.92
2501;97.61
2502;99.96
2503;99.34
2504;84.19
2505;98.5
2506;99.06
2507;97.03
2508;96.16
2509;95.9
2510;93.12
2511;82.63
2512;77.31
2513;70.86
2514;98.5
2515;71.73
2516;60.45
2517;72.06
2518;57.99
2519;98.5
2520;70.74
2521;70.88
2522;91.88
2523;53.91
2524;93.15
2525;79.6
2526;79.31
2527;92.84
2528;66.58
2529;70.82
2530;91.61
2531;99.38
2532;74.39
2533;67.27
2534;71.44
2535;76.86
2536;91.71
2537;72.28
2538;69.36
2539;88.27
2540;71.67
2541;78.69
2542;77.01
2543;75.14
2544;83.1
2545;79.68
2546;81.76
2547;74.83
2548;99.96
2549;89.74
2550;92.92
2551;95.3
2552;84.66
2553;98.5
2554;99.41
2555;99.45
2556;99.65
2557;99.96
2558;97.5
2559;98.5
2560;70.15
2561;98.61
2562;98.5
2563;98.81
2564;98.56
2565;98.52
2566;99.13
2567;98.5
2568;84.44
2569;98.82
2570;98.57
2571;99.96
2572;99.4
2573;98.96
2574;98.5
2575;98.5
2576;98.95
2577;99.19
2578;98.5
2579;99.96
2580;98.5
2581;98.5
2582;99.96
2583;98.56
2584;98.5
2585;99.96
2586;99.06
2587;99.96
2588;99.71
2589;99.96
2590;99.96
2591;99.3
2592;67.26
2593;98.5
2594;98.5
2595;51.71
2596;98.5
2597;98.5
2598;82.17
2599;98.5
2600;81.09
2601;68.06
2602;55.55
2603;55.25
2604;67.93
2605;99.07
2606;76.87
2607;65.64
2608;99.16
2609;71.91
2610;94
2611;84.09
2612;62.45
2613;99.41
2614;77.59
2615;61.76
2616;81.61
2617;75.73
2618;66.44
2619;79.45
2620;68.82
2621;95.6
2622;64.78
2623;78.76
2624;90.5
2625;71.46
2626;99.04
2627;99.35
2628;90.03
2629;99.78
2630;74.25
2631;83.24
2632;69.59
2633;80.08
2634;53.64
2635;80.63
2636;76.94
2637;64.84
2638;99.96
2639;99.96
2640;98.5
2641;71.55
2642;99.98
2643;99.98
2644;99.61
2645;81.26
2646;99.96
2647;99.98
2648;99.96
2649;75.5
2650;99.96
2651;99.96
2652;75.54
2653;99.96
2654;97.52
2655;94.1
2656;75.4
2657;75.15
2658;72.42
2659;78.98
2660;72.01
2661;83.36
2662;85.55
2663;99.98
2664;83.56
2665;75.69
2666;98.5
2667;98.5
2668;81.94
2669;66.51
2670;70.89
2671;80.5
2672;90.9
2673;98.69
2674;98.5
2675;83.92
2676;99.96
2677;70.14
2678;79.5
2679;79
2680;99.98
2681;93.53
2682;72.85
2683;70.54
2684;98.5
2685;76.76
2686;74.69
2687;71.76
2688;75.98
2689;97.28
2690;99.96
2691;84.04
2692;73.94
2693;78.19
2694;75.42
2695;75.92
2696;81.19
2697;78.62
2698;99.98
2699;72.12
2700;85.81
2701;85.76
2702;75.96
2703;79.58
2704;99.98
2705;74.73
2706;96.53
2707;96.26
2708;99.45
2709;87.86
2710;96.55
2711;84.5
2712;99.57
2713;99.6
2714;99.52
2715;51.32
2716;79.23
2717;82.03
2718;55.41
2719;99.66
2720;51.74
2721;99.93
2722;56.9
2723;83.75
2724;99.69
2725;96.54
2726;80.51
2727;78.9
2728;99.96
2729;99.5
2730;71.99
2731;99.48
2732;94.99
2733;99.67
2734;96.3
2735;98.5
2736;90.73
2737;99.5
2738;98.5
2739;98.5
2740;98.5
2741;98.5
2742;98.5
2743;99.96
2744;98.5
2745;81.76
2746;98.5
2747;96.71
2748;95.16
2749;98.5
2750;99.84
2751;98.5
2752;98.5
2753;98.5
2754;92.08
2755;95.67
2756;99.28
2757;98.5
2758;95.86
2759;79.49
2760;96.21
2761;99.56
2762;99.28
2763;99.69
2764;99.76
2765;98.78
2766;98.52
2767;99.31
2768;96.06
2769;93.26
2770;66.55
2771;92.17
2772;99.06
2773;98.51
2774;83.29
2775;84.94
2776;98.5
2777;91.18
2778;90.67
2779;92.31
2780;85.91
2781;92.09
2782;81.73
2783;94.06
2784;68.5
2785;93.07
2786;92.5
2787;97.11
2788;95.55
2789;95.98
2790;95.63
2791;98.5
2792;83.86
2793;90.82
2794;70.83
2795;90.3
2796;83.77
2797;92.52
2798;80
2799;74.21
2800;75.79
2801;94.52
2802;95.71
2803;98.73
2804;99.68
2805;98.51
2806;98.51
2807;92.8
2808;86.73
2809;98.5
2810;98.51
2811;81.54
2812;89.87
2813;98.5
2814;98.52
2815;99.25
2816;98.51
2817;92.09
2818;99.37
2819;80.21
2820;83.2
2821;92.32
2822;96.07
2823;99.29
2824;99.96
2825;99.96
2826;99.96
2827;99.28
2828;99.5
2829;81.91
2830;99.96
2831;98.5
2832;98.5
2833;99.96
2834;98.5
2835;98.5
2836;98.74
2837;99.16
2838;99.94
2839;99.96
2840;99.55
2841;98.51
2842;80.91
2843;85.04
2844;99.93
2845;99.93
2846;99.98
2847;93.97
2848;99.43
2849;99.58
2850;99.64
2851;99.35
2852;99.45
2853;99.41
2854;99.47
2855;99.18
2856;99.48
2857;99.52
2858;99.27
2859;87.12
2860;99.36
2861;99.45
2862;99.45
2863;91.98
2864;99.48
2865;99.65
2866;99.34
2867;99.56
2868;99.88
2869;99.48
2870;99.77
2871;98.5
2872;86.46
2873;98.5
2874;99.32
2875;99.58
2876;99.96
2877;99.85
2878;98.51
2879;98.5
2880;98.5
2881;98.5
2882;98.5
2883;99.96
2884;98.5
2885;98.5
2886;99.82
2887;98.5
2888;98.94
2889;98.88
2890;98.51
2891;98.5
2892;98.5
2893;98.5
2894;92.3
2895;98.59
2896;81.06
2897;98.5
2898;98.5
2899;96.37
2900;91.33
2901;92.56
2902;97
2903;96.97
2904;69.39
2905;99.96
2906;99.72
2907;98.53
2908;99.92
2909;99.17
2910;99.96
2911;99.59
2912;98.89
2913;99.98
2914;96.25
2915;99.98
2916;99.32
2917;99.98
2918;73.39
2919;99.47
2920;99.98
2921;99.98
2922;98.5
2923;98.5
2924;75.33
2925;84.64
2926;96.89
2927;90.9
2928;75.23
2929;86.43
2930;96.11
2931;86.09
2932;93.43
2933;86.19
2934;96.61
2935;99.53
2936;99.23
2937;99.58
2938;99.22
2939;99.06
2940;99.1
2941;99.54
2942;99.45
2943;99.51
2944;99.52
2945;99.27
2946;99.42
2947;99.35
2948;99.55
2949;99.32
2950;99.5
2951;82.94
2952;86.42
2953;99.33
2954;99.48
2955;99.49
2956;99.48
2957;99.53
2958;99.45
2959;91.43
2960;98.5
2961;99.34
2962;88.41
2963;99.42
2964;99.79
2965;99.11
2966;93.16
2967;99.56
2968;94.9
2969;89.55
2970;96.71
2971;90.27
2972;68.49
2973;93.08
2974;96.7
2975;85.63
2976;90.21
2977;98.5
2978;93.13
2979;94.41
2980;98.51
2981;88.12
2982;95.15
2983;93.82
2984;92.73
2985;93.32
2986;98.53
2987;88.83
2988;92.32
2989;92.72
2990;99.96
2991;95.01
2992;99.96
2993;95.84
2994;94.83
2995;93.83
2996;94.89
2997;96.02
2998;85.56
2999;92.25
3000;93.42
3001;61.34
3002;96.24
3003;92.96
3004;90.55
3005;99.98
3006;92.5
3007;85.11
3008;99.96
3009;90.39
3010;82.45
3011;98.5
3012;98.5
3013;98.85
3014;91.29
3015;62.79
3016;99.96
3017;86.08
3018;86.43
3019;97.25
3020;83.12
3021;78.86
3022;90.79
3023;99.98
3024;84.73
3025;91.27
3026;99.93
3027;92.27
3028;93.02
3029;87.68
3030;96.95
3031;90.9
3032;81.05
3033;96.11
3034;91.15
3035;100
3036;97.4
3037;99.11
3038;82.64
3039;93.09
3040;98.5
3041;96.99
3042;99.96
3043;95.97
3044;91.33
3045;96.91
3046;99.26
3047;91.42
3048;93.67
3049;92.98
3050;96.21
3051;99.96
3052;99.96
3053;99.96
3054;97.19
3055;99
3056;96.87
3057;98.5
3058;98.83
3059;92.84
3060;97.42
3061;90.8
3062;98.5
3063;93.09
3064;97.35
3065;93.47
3066;99.77
3067;96.12
3068;84.7
3069;92.73
3070;93.86
3071;97.27
3072;99.3
3073;94.15
3074;97.07
3075;98.86
3076;97.67
3077;98.5
3078;92.75
3079;84.19
3080;99.83
3081;98.5
3082;98.5
3083;95.74
3084;98.78
3085;95.67
3086;65.66
3087;98.5
3088;98.5
3089;96.94
3090;98.5
3091;98.67
3092;98.5
3093;99.08
3094;98.56
3095;98.5
3096;99.52
3097;98.51
3098;98.71
3099;99.93
3100;98.79
3101;98.81
3102;98.5
3103;99.32
3104;98.5
3105;99.67
3106;98.68
3107;98.5
3108;96.18
3109;97.36
3110;98.5
3111;99.96
3112;98.5
3113;98.5
3114;99.96
3115;97.29
3116;98.94
3117;84.37
3118;98.5
3119;98.5
3120;99.47
3121;98.7
3122;98.51
3123;99.51
3124;98.86
3125;98.5
3126;99.27
3127;98.5
3128;98.5
3129;98.5
3130;98.5
3131;98.5
3132;98.5
3133;99.74
3134;98.5
3135;98.93
3136;99.96
3137;98.5
3138;98.5
3139;98.77
3140;99.05
3141;98.5
3142;99.05
3143;99.62
3144;68.96
3145;99.33
3146;99.64
3147;99.27
3148;98.5
3149;98.7
3150;99.96
3151;98.97
3152;98.92
3153;98.5
3154;99.16
3155;99.36
3156;99.01
3157;99.04
3158;99.01
3159;98.5
3160;98.5
3161;91.67
3162;98.51
3163;98.5
3164;98.51
3165;98.51
3166;98.5
3167;99.89
3168;99.12
3169;98.86
3170;98.5
3171;98.5
3172;99.48
3173;93.67
3174;96.26
3175;86.28
3176;92.75
3177;67.54
3178;64.2
3179;74.57
3180;71
3181;98.5
3182;74.28
3183;98.5
3184;76.71
3185;71.29
3186;70.35
3187;69.59
3188;98.5
3189;71.32
3190;67.57
3191;98.5
3192;70.11
3193;63.93
3194;80.75
3195;53.93
3196;73.8
3197;75.49
3198;57.5
3199;60.47
3200;98.5
3201;71.75
3202;61.37
3203;63.63
3204;77.78
3205;73.12
3206;95.74
3207;87.12
3208;98.5
3209;98.5
3210;98.5
3211;98.5
3212;59.36
3213;67.24
3214;96.47
3215;68.21
3216;98.5
3217;93.98
3218;50.33
3219;84.91
3220;51.92
3221;96.7
3222;93.16
3223;95.91
3224;94.09
3225;89.5
3226;91.24
3227;97.93
3228;99.17
3229;94.3
3230;99.85
3231;86.46
3232;96.56
3233;92.37
3234;95.84
3235;92.8
3236;98.55
3237;93.66
3238;96.49
3239;85.97
3240;98.5
3241;97.1
3242;91.52
3243;99.76
3244;83.65
3245;93.79
3246;99.96
3247;99.96
3248;95.6
3249;99.38
3250;92.12
3251;99.85
3252;99.92
3253;90.82
3254;92.2
3255;79.32
3256;99.96
3257;99.96
3258;91.65
3259;91.1
3260;83.66
3261;95.98
3262;69.67
3263;71.33
3264;93.93
3265;98.5
3266;98.82
3267;99.05
3268;92.8
3269;90.28
3270;98.07
3271;88.51
3272;92.72
3273;99.1
3274;98.5
3275;97.04
3276;98.5
3277;98.5
3278;85.93
3279;70.92
3280;98.5
3281;70.01
3282;62.32
3283;65.72
3284;72.84
3285;64.94
3286;67.66
3287;66.03
3288;88.47
3289;62.32
3290;85.23
3291;98.5
3292;56.9
3293;74.8
3294;96.98
3295;81.86
3296;60.55
3297;97.34
3298;68.6
3299;72.57
3300;54.62
3301;71.28
3302;91.94
3303;98.5
3304;70.99
3305;85.96
3306;69.92
3307;70.81
3308;91.13
3309;90.38
3310;72.88
3311;75.63
3312;91.07
3313;86.21
3314;92.02
3315;86.48
3316;98.5
3317;82.84
3318;92.26
3319;74.76
3320;75.75
3321;85.38
3322;85.35
3323;85.42
3324;85.56
3325;82.92
3326;93.11
3327;92.82
3328;69.14
3329;90.74
3330;65.18
3331;91.92
3332;65.49
3333;91.21
3334;86.21
3335;78.62
3336;82.12
3337;76.56
3338;92.58
3339;66.81
3340;86.5
3341;68.67
3342;98
3343;99.96
3344;86.46
3345;99.98
3346;85
3347;99.72
3348;98.5
3349;99.56
3350;99.32
3351;99.54
3352;99.6
3353;98.5
3354;99.53
3355;99.5
3356;99.54
3357;99.96
3358;99.52
3359;99.57
3360;99.55
3361;98.5
3362;98.5
3363;98.5
3364;99.4
3365;98.5
3366;99.19
3367;98.51
3368;99.47
3369;99.89
3370;98.5
3371;99.39
3372;98.5
3373;98.5
3374;98.5
3375;98.5
3376;99.5
3377;98.5
3378;74.64
3379;99.96
3380;98.5
3381;99.43
3382;98.5
3383;98.5
3384;98.5
3385;99.62
3386;99.51
3387;98.5
3388;99.09
3389;98.5
3390;98.5
3391;99.96
3392;99.65
3393;98.72
3394;99.65
3395;99.94
3396;98.5
3397;98.87
3398;98.51
3399;98.97
3400;98.53
3401;98.5
3402;98.5
3403;98.5
3404;99.87
3405;87.22
3406;98.5
3407;99.96
3408;99.04
3409;99.64
3410;98.5
3411;99.1
3412;99.35
3413;98.5
3414;98.87
3415;98.5
3416;99.96
3417;98.79
3418;98.5
3419;99.49
3420;98.5
3421;98.5
3422;98.5
3423;73.54
3424;98.52
3425;87.11
3426;98.51
3427;98.5
3428;99.43
3429;98.5
3430;98.54
3431;98.5
3432;98.5
3433;98.5
3434;98.8
3435;98.5
3436;98.5
3437;98.5
3438;98.95
3439;98.5
3440;98.5
3441;98.5
3442;99.58
3443;98.85
3444;99.8
3445;99.1
3446;63.57
3447;74.67
3448;98.5
3449;76.52
3450;81.18
3451;75.71
3452;61.05
3453;56.63
3454;98.5
3455;83.09
3456;99.39
3457;82.1
3458;71.42
3459;99.61
3460;82.97
3461;66.94
3462;98.5
3463;99.06
3464;83.11
3465;98.51
3466;98.5
3467;73.73
3468;76.36
3469;76.17
3470;99.56
3471;99.26
3472;79.92
3473;54.77
3474;51.99
3475;71.13
3476;53.67
3477;81.79
3478;98.5
3479;99.62
3480;99.65
3481;98.5
3482;66.63
3483;99.96
3484;67.47
3485;99.26
3486;78
3487;98.5
3488;98.5
3489;98.5
3490;99.39
3491;65.45
3492;60.45
3493;56.69
3494;72.38
3495;62.34
3496;71.61
3497;69.87
3498;75.9
3499;75.4
3500;96
3501;72.98
3502;65.1
3503;81.78
3504;79.29
3505;84.99
3506;75.83
3507;77.16
3508;58.47
3509;79.46
3510;86.57
3511;76.74
3512;80.98
3513;55.68
3514;71.2
3515;75.54
3516;62.86
3517;84.83
3518;77.67
3519;77.94
3520;99.46
3521;83.06
3522;65.79
3523;99.96
3524;75.77
3525;68.03
3526;80.02
3527;83.54
3528;70.78
3529;99.74
3530;75.24
3531;64.87
3532;58
3533;99.78
3534;96.12
3535;85.76
3536;84.32
3537;99.28
3538;64.3
3539;84.39
3540;99.81
3541;99.98
3542;98.5
3543;75.22
3544;83.21
3545;99.98
3546;99.74
3547;98.5
3548;82.9
3549;99.96
3550;82.54
3551;80.6
3552;98.5
3553;99.75
3554;99.98
3555;98.5
3556;99.96
3557;77.97
3558;99.31
3559;92.55
3560;99.72
3561;99.96
3562;99.96
3563;98.51
3564;89.85
3565;84.46
3566;71.32
3567;77.15
3568;77.1
3569;93.04
3570;82.17
3571;77.8
3572;99.15
3573;80.55
3574;99.55
3575;74.28
3576;68.51
3577;72.76
3578;77.46
3579;70.08
3580;69.43
3581;81.28
3582;73.73
3583;75.33
3584;75.26
3585;100
3586;87.65
3587;91.37
3588;93.47
3589;82.66
3590;93.92
3591;74.15
3592;78.72
3593;80.55
3594;99.98
3595;52.11
3596;75.6
3597;74.83
3598;99.21
3599;99.98
3600;84.54
3601;96.23
3602;71.8
3603;90.63
3604;99.77
3605;77.53
3606;83.25
3607;72.14
3608;79.17
3609;72.56
3610;99.96
3611;98.5
3612;99.96
3613;74.01
3614;92.71
3615;83.62
3616;99.96
3617;96.36
3618;99.98
3619;99.92
3620;99.96
3621;99.98
3622;98.5
3623;93.68
3624;99.84
3625;83.74
3626;84.73
3627;98.5
3628;99.53
3629;99.89
3630;92.53
3631;68
3632;93.47
3633;70.47
3634;99.06
3635;99.64
3636;74.66
3637;72.42
3638;68.61
3639;76.01
3640;98.5
3641;78.26
3642;74
3643;70.56
3644;71.04
3645;75.75
3646;72.37
3647;90.42
3648;75.37
3649;93.17
3650;74.85
3651;82.6
3652;81.65
3653;74.3
3654;90.83
3655;71.19
3656;94.09
3657;90.47
3658;97.02
3659;83.02
3660;75.28
3661;71.76
3662;73.82
3663;93.17
3664;70.8
3665;76.69
3666;92.4
3667;78.83
3668;78.57
3669;90.66
3670;70.1
3671;70.11
3672;97.65
3673;77.3
3674;77.26
3675;95
3676;85.22
3677;98.6
3678;98.51
3679;97.3
3680;99.98
3681;81.31
3682;99.82
3683;99.59
3684;77.16
3685;78.37
3686;99.52
3687;99.93
3688;84.76
3689;99.53
3690;96.06
3691;98
3692;96.52
3693;61.13
3694;85.67
3695;99.96
3696;83.11
3697;79.65
3698;81.08
3699;72.58
3700;82.65
3701;99.63
3702;55.53
3703;82.61
3704;72.95
3705;74.61
3706;82.93
3707;95.48
3708;99.52
3709;99.44
3710;96.96
3711;90.37
3712;99.18
3713;98.5
3714;96.58
3715;99.96
3716;98.5
3717;98.5
3718;98.5
3719;98.5
3720;99.96
3721;97.63
3722;98.5
3723;99.96
3724;89.67
3725;98.5
3726;98.5
3727;98.5
3728;98.5
3729;83.86
3730;98.5
3731;98.5
3732;82.19
3733;98.5
3734;81.55
3735;99.96
3736;97.28
3737;96.69
3738;98.5
3739;99.96
3740;93.69
3741;98.5
3742;98.5
3743;98.5
3744;93.98
3745;98.5
3746;98.5
3747;98.5
3748;87.26
3749;84.61
3750;98.5
3751;93.32
3752;98.5
3753;98.5
3754;98.5
3755;98.5
3756;98.5
3757;99.18
3758;98.5
3759;98.5
3760;99.15
3761;99.68
3762;99.63
3763;98.75
3764;99.01
3765;84.42
3766;95.48
3767;85.1
3768;99.9
3769;99.96
3770;99.96
3771;99.96
3772;98.52
3773;99.66
3774;98.5
3775;98.73
3776;99.7
3777;99.64
3778;98.99
3779;99.95
3780;99.05
3781;99.33
3782;98.5
3783;98.96
3784;99.96
3785;99.36
3786;98.54
3787;99.96
3788;99.42
3789;99.96
3790;99.13
3791;99.76
3792;98.77
3793;98.5
3794;84.39
3795;98.88
3796;99.46
3797;95.6
3798;91.21
3799;99.96
3800;99.93
3801;97.83
3802;93.58
3803;94.27
3804;94.54
3805;99.62
3806;94.03
3807;99.98
3808;99.54
3809;99.55
3810;99.35
3811;99.46
3812;99.3
3813;99.61
3814;99.54
3815;99.49
3816;99.62
3817;99.46
3818;99.27
3819;99.53
3820;99.54
3821;99.44
3822;99.51
3823;99.63
3824;99.53
3825;99.53
3826;99.51
3827;99.26
3828;99.32
3829;99.59
3830;99.58
3831;99.33
3832;99.68
3833;99.63
3834;99.44
3835;99.48
3836;99.56
3837;99.4
3838;99.58
3839;99.22
3840;99.46
3841;99.55
3842;99.37
3843;99.44
3844;99.52
3845;99.59
3846;99.43
3847;99.44
3848;99.43
3849;98.91
3850;98.5
3851;98.5
3852;99.65
3853;99.96
3854;98.5
3855;99.92
3856;99.95
3857;98.5
3858;99.06
3859;98.5
3860;98.5
3861;98.5
3862;98.5
3863;99.5
3864;98.5
3865;98.58
3866;98.5
3867;98.73
3868;98.65
3869;98.5
3870;98.53
3871;58.5
3872;99.96
3873;99.96
3874;77.69
3875;99.96
3876;54.89
3877;99.96
3878;99.53
3879;98.57
3880;92.26
3881;98.74
3882;99.93
3883;98.67
3884;97.55
3885;69.34
3886;91.73
3887;98.51
3888;99.96
3889;99.96
3890;99.98
3891;74.17
3892;75.54
3893;97.1
3894;84.31
3895;92.69
3896;99.22
3897;99.17
3898;99.36
3899;99.46
3900;99.53
3901;99.44
3902;99.54
3903;99.27
3904;99.48
3905;99.44
3906;99.5
3907;99.51
3908;99.35
3909;99.54
3910;99.34
3911;99.34
3912;99.96
3913;99.41
3914;99.57
3915;99.19
3916;99.59
3917;99.1
3918;99.18
3919;99.64
3920;98.9
3921;99.24
3922;99.35
3923;99.34
3924;99.19
3925;99.55
3926;91.08
3927;99.14
3928;99.53
3929;99.93
3930;99.45
3931;88.51
3932;99.54
3933;87.6
3934;96.56
3935;67.98
3936;99.96
3937;96.22
3938;98.86
3939;98.5
3940;84.75
3941;99.93
3942;98.5
3943;98.5
3944;98.5
3945;98.5
3946;96.9
3947;85.67
3948;98.5
3949;98.5
3950;98.5
3951;98.5
3952;98.5
3953;98.5
3954;84.99
3955;84.87
3956;91.62
3957;99.96
3958;97.17
3959;99.98
3960;82.88
3961;91.05
3962;99.98
3963;76.25
3964;97.46
3965;96.91
3966;95.93
3967;95.72
3968;99.41
3969;97.27
3970;98.85
3971;99.96
3972;99.96
3973;98.51
3974;98.5
3975;92.65
3976;88.64
3977;99.96
3978;99.96
3979;98.51
3980;99.25
3981;99.96
3982;56.38
3983;98.5
3984;99.17
3985;99.22
3986;98.5
3987;99.65
3988;92.26
3989;98.5
3990;99.11
3991;59.47
3992;98.5
3993;99.07
3994;98.5
3995;100
3996;98.5
3997;98.51
3998;98.58
3999;98.5
4000;54.39
4001;99.5
4002;98.96
4003;98.68
4004;98.5
4005;98.54
4006;98.5
4007;98.5
4008;98.5
4009;99.2
4010;99.06
4011;98.5
4012;98.69
4013;99.81
4014;98.5
4015;98.5
4016;98.5
4017;96.92
4018;70.8
4019;98.5
4020;98.5
4021;98.68
4022;98.5
4023;98.5
4024;98.5
4025;98.5
4026;98.88
4027;98.5
4028;99.09
4029;98.5
4030;99.29
4031;98.56
4032;99.4
4033;98.88
4034;99.23
4035;98.5
4036;98.78
4037;98.51
4038;98.51
4039;99.96
4040;98.5
4041;98.51
4042;98.5
4043;98.78
4044;98.5
4045;99.79
4046;98.51
4047;98.5
4048;98.5
4049;98.5
4050;98.5
4051;66.38
4052;98.5
4053;98.72
4054;98.5
4055;99.21
4056;98.91
4057;99.07
4058;99.19
4059;98.5
4060;99.28
4061;98.5
4062;98.5
4063;98.78
4064;99.51
4065;99.06
4066;98.5
4067;92.9
4068;98.5
4069;98.51
4070;98.5
4071;99.02
4072;95.93
4073;99.47
4074;98.5
4075;98.5
4076;98.5
4077;98.5
4078;98.5
4079;98.5
4080;98.51
4081;98.5
4082;99.81
4083;98.52
4084;98.96
4085;98.5
4086;98.64
4087;98.5
4088;99.54
4089;99.49
4090;98.5
4091;98.5
4092;99.96
4093;98.5
4094;98.5
4095;98.5
4096;98.5
4097;90.55
4098;99.95
4099;98.51
4100;99.52
4101;98.51
4102;99.96
4103;96.4
4104;98.5
4105;98.5
4106;98.5
4107;98.5
4108;98.8
4109;99.3
4110;99.93
4111;90.88
4112;83.65
4113;91.38
4114;64.68
4115;79.97
4116;70.82
4117;74.89
4118;72.64
4119;75.48
4120;59.6
4121;70.42
4122;74.49
4123;63.48
4124;98.5
4125;74.89
4126;70.36
4127;70.94
4128;76.83
4129;62.57
4130;98.5
4131;51.33
4132;67.4
4133;62.91
4134;98.5
4135;98.5
4136;98.5
4137;82.97
4138;56.96
4139;72.66
4140;72.1
4141;71.06
4142;81.87
4143;65.87
4144;56.95
4145;68.92
4146;65.48
4147;98.5
4148;65.17
4149;98.5
4150;97.89
4151;64.01
4152;71.75
4153;98.5
4154;90.7
4155;98.5
4156;99.76
4157;64.17
4158;92.72
4159;85.27
4160;74.86
4161;89.51
4162;98.68
4163;97.57
4164;98.51
4165;99.05
4166;93.48
4167;90.68
4168;99.98
4169;95.56
4170;98.5
4171;94.84
4172;96.73
4173;98.76
4174;96.5
4175;99.07
4176;83.17
4177;93.69
4178;85.87
4179;99.41
4180;96.78
4181;86.03
4182;85.6
4183;99.96
4184;98.82
4185;91.09
4186;90.86
4187;99.43
4188;99.43
4189;99.26
4190;99.02
4191;99.46
4192;99.36
4193;93.16
4194;90.8
4195;93.85
4196;97.56
4197;86.4
4198;99.95
4199;93.4
4200;93.54
4201;91.56
4202;98.91
4203;96.42
4204;99.93
4205;96.14
4206;80.98
4207;88.82
4208;97.78
4209;82.26
4210;71.75
4211;59.96
4212;67.23
4213;69.91
4214;98.5
4215;58.91
4216;98.5
4217;98.5
4218;76.8
4219;62.68
4220;74.1
4221;71.01
4222;68.11
4223;64.31
4224;93.84
4225;62.08
4226;77
4227;81.02
4228;92.18
4229;89.93
4230;71.06
4231;59.42
4232;99.96
4233;63.54
4234;65.37
4235;72.69
4236;82.42
4237;82.55
4238;91.14
4239;70.37
4240;66.31
4241;72.91
4242;59.13
4243;56.48
4244;74.37
4245;64
4246;81.98
4247;67.51
4248;91.34
4249;93.5
4250;60.46
4251;79.7
4252;67.03
4253;73.83
4254;96.03
4255;66.04
4256;98.5
4257;71.28
4258;92
4259;96.49
4260;87.06
4261;68.01
4262;82.78
4263;99.35
4264;79.87
4265;67.32
4266;78.48
4267;98.5
4268;80.97
4269;69.24
4270;89.56
4271;81.76
4272;67.47
4273;91.14
4274;89.8
4275;92.91
4276;89.53
4277;76.89
4278;80.76
4279;83.68
4280;77.64
4281;90.32
4282;90.47
4283;98.5
4284;99.93
4285;99.5
4286;98.5
4287;98.5
4288;99.55
4289;98.5
4290;99.7
4291;98.5
4292;98.5
4293;98.5
4294;98.5
4295;99.46
4296;99.34
4297;99.52
4298;99.59
4299;98.5
4300;99.7
4301;98.5
4302;99.74
4303;98.5
4304;98.5
4305;99.46
4306;86.99
4307;99.73
4308;98.5
4309;98.98
4310;98.5
4311;98.59
4312;99.96
4313;98.5
4314;98.5
4315;98.91
4316;98.5
4317;99.32
4318;98.89
4319;98.5
4320;99.73
4321;99.4
4322;98.5
4323;99.96
4324;98.5
4325;98.5
4326;98.88
4327;98.5
4328;98.5
4329;99.47
4330;99.66
4331;99.7
4332;99.24
4333;99.16
4334;99.59
4335;98.65
4336;98.75
4337;98.5
4338;98.5
4339;99.4
4340;99.15
4341;98.5
4342;98.5
4343;98.51
4344;98.5
4345;74.71
4346;98.5
4347;98.5
4348;99.49
4349;98.5
4350;98.5
4351;98.5
4352;98.97
4353;98.5
4354;99.65
4355;98.51
4356;98.5
4357;98.5
4358;98.5
4359;98.51
4360;98.85
4361;98.5
4362;98.59
4363;99.6
4364;99.52
4365;98.5
4366;99.42
4367;98.5
4368;99.37
4369;98.5
4370;98.5
4371;99.61
4372;98.5
4373;99.84
4374;99.96
4375;98.53
4376;99.13
4377;99.25
4378;98.86
4379;98.83
4380;99.39
4381;99.96
4382;98.5
4383;98.84
4384;98.5
4385;98.5
4386;99.08
4387;98.81
4388;96.15
4389;98.5
4390;98.5
4391;98.5
4392;70.66
4393;98.5
4394;98.5
4395;98.5
4396;98.5
4397;98.5
4398;94.5
4399;67.17
4400;53.25
4401;77.74
4402;79.71
4403;75.79
4404;80.48
4405;96.8
4406;78.47
4407;87.72
4408;73.62
4409;66.45
4410;77.1
4411;67.88
4412;75.27
4413;77.47
4414;82.42
4415;99.4
4416;54.36
4417;78.21
4418;98.5
4419;79.41
4420;58.68
4421;68.11
4422;65.12
4423;51.27
4424;71.9
4425;86.69
4426;98.73
4427;73.35
4428;84.21
4429;70.12
4430;63.93
4431;98.5
4432;80.36
4433;82.7
4434;99.03
4435;73.13
4436;54.92
4437;76.33
4438;67.06
4439;98.5
4440;63.43
4441;53.55
4442;73.79
4443;68.42
4444;85.45
4445;65.39
4446;98.5
4447;52.18
4448;80.95
4449;57.06
4450;80.63
4451;75.94
4452;79.15
4453;59.05
4454;86.09
4455;85.06
4456;71.61
4457;83.03
4458;65.91
4459;98.5
4460;73.04
4461;76.97
4462;71.2
4463;79.49
4464;72.4
4465;78.9
4466;73.99
4467;73.44
4468;55.64
4469;63
4470;83.94
4471;98.5
4472;70.99
4473;62.84
4474;86.23
4475;99.45
4476;56.38
4477;65.68
4478;86.53
4479;71.31
4480;87.34
4481;69.42
4482;99.17
4483;93.27
4484;99.16
4485;69.15
4486;79.41
4487;79.88
4488;85.1
4489;72.28
4490;98.5
4491;98.98
4492;54.82
4493;84.56
4494;71.61
4495;98.96
4496;97.69
4497;80.76
4498;76.13
4499;79.65
4500;81.26
4501;99.98
4502;98.79
4503;80.08
4504;78.93
4505;99.94
4506;96.6
4507;99.96
4508;81.42
4509;99.96
4510;99.96
4511;98.5
4512;99.5
4513;84.88
4514;70.65
4515;99.96
4516;76.89
4517;99.96
4518;99.9
4519;82.19
4520;70.43
4521;67.5
4522;64.37
4523;99.96
4524;68.43
4525;99.29
4526;76.83
4527;73.46
4528;99.96
4529;99.96
4530;82.35
4531;79.33
4532;74.19
4533;72.6
4534;70.89
4535;80.25
4536;76.1
4537;74.62
4538;68.9
4539;76.19
4540;82.23
4541;71.85
4542;87.06
4543;92.75
4544;77.83
4545;99.98
4546;91.4
4547;73.64
4548;99.96
4549;99.98
4550;73.87
4551;99.6
4552;81.15
4553;98.5
4554;99.96
4555;90.26
4556;91.78
4557;86.16
4558;72.33
4559;99.96
4560;99.13
4561;98.5
4562;99.96
4563;81.28
4564;78.85
4565;67.16
4566;73.23
4567;99.27
4568;99.18
4569;84.47
4570;72.08
4571;72.51
4572;99.54
4573;99.91
4574;71
4575;97.09
4576;99.96
4577;98.5
4578;75.24
4579;99.92
4580;98.78
4581;81.32
4582;86.21
4583;81.51
4584;71.4
4585;99.69
4586;87.27
4587;99.96
4588;74
4589;69.62
4590;98.52
4591;95
4592;82.14
4593;72.01
4594;99.93
4595;67.14
4596;76.32
4597;98.5
4598;74.69
4599;78.72
4600;65.97
4601;66.06
4602;82.2
4603;70.62
4604;68.4
4605;92.25
4606;71.37
4607;71.33
4608;75.32
4609;75.26
4610;79.87
4611;91.74
4612;81.96
4613;76.42
4614;76.83
4615;87.69
4616;84.21
4617;76.83
4618;86.37
4619;84.88
4620;69.08
4621;71.94
4622;78.57
4623;86.13
4624;72.19
4625;80.35
4626;92.74
4627;93.02
4628;87.87
4629;71.31
4630;77.26
4631;81.58
4632;96.5
4633;95.72
4634;99.11
4635;93.02
4636;84.01
4637;82.25
4638;99.49
4639;81.16
4640;76.54
4641;85.26
4642;81.81
4643;85.48
4644;78.57
4645;98.84
4646;74.25
4647;98.5
4648;85.32
4649;81.64
4650;92.89
4651;99.16
4652;99.62
4653;92.58
4654;99.57
4655;78.75
4656;99.66
4657;80.48
4658;74.33
4659;95.77
4660;70.69
4661;58.78
4662;82.75
4663;99.58
4664;75.76
4665;81.95
4666;80.81
4667;72.33
4668;81.08
4669;99.63
4670;53.98
4671;99.64
4672;81.5
4673;99.51
4674;99.43
4675;97.91
4676;77.82
4677;99.96
4678;86.58
4679;99.65
4680;83.56
4681;98.5
4682;98.5
4683;71.3
4684;98.5
4685;98.5
4686;98.5
4687;98.5
4688;98.5
4689;99.9
4690;99.93
4691;98.5
4692;98.5
4693;98.5
4694;98.5
4695;98.5
4696;98.5
4697;98.5
4698;98.5
4699;96.52
4700;98.5
4701;99.86
4702;98.67
4703;98.5
4704;98.5
4705;98.5
4706;98.5
4707;99.45
4708;99.91
4709;98.5
4710;98.77
4711;98.5
4712;98.5
4713;98.5
4714;98.5
4715;94.7
4716;98.5
4717;98.5
4718;98.5
4719;86.3
4720;98.5
4721;96.07
4722;99.38
4723;95
4724;98.5
4725;98.89
4726;97.72
4727;98.91
4728;99.17
4729;98.41
4730;99.74
4731;92.32
4732;99.77
4733;94.04
4734;89.33
4735;99.93
4736;99.93
4737;86.35
4738;97.66
4739;91.48
4740;83.21
4741;93.16
4742;98.5
4743;99.18
4744;99.42
4745;97.55
4746;99.93
4747;99.96
4748;99.96
4749;98.5
4750;99.96
4751;98.5
4752;99.96
4753;99.96
4754;99.56
4755;98.5
4756;98.93
4757;99.49
4758;99.96
4759;99.69
4760;99.76
4761;99.89
4762;98.55
4763;99.11
4764;99.96
4765;98.5
4766;98.5
4767;98.54
4768;98.5
4769;99.77
4770;99.44
4771;99.56
4772;99.43
4773;99.09
4774;98.81
4775;99.92
4776;99.39
4777;99.98
4778;99.96
4779;99.96
4780;99.96
4781;81.55
4782;71.17
4783;83.08
4784;77.4
4785;99.96
4786;98.16
4787;94.21
4788;93.72
4789;91.09
4790;99.93
4791;97.64
4792;91.64
4793;91.74
4794;66.43
4795;98.5
4796;99.93
4797;99.3
4798;99.37
4799;99.61
4800;99.61
4801;87.14
4802;99.49
4803;99.39
4804;99.48
4805;99.23
4806;99.54
4807;99.24
4808;99.49
4809;99.61
4810;99.26
4811;99.35
4812;99.5
4813;99.57
4814;99.27
4815;99.59
4816;99.27
4817;99.56
4818;99.5
4819;99.44
4820;99.61
4821;82.95
4822;99.49
4823;79.64
4824;99.56
4825;99.45
4826;99.63
4827;99.55
4828;99.5
4829;99.54
4830;98.5
4831;89.53
4832;99.43
4833;99.37
4834;99.5
4835;99.55
4836;99.51
4837;99.48
4838;99.5
4839;99.4
4840;99.53
4841;99.57
4842;99.54
4843;99.96
4844;99.34
4845;99.53
4846;99.53
4847;99.2
4848;99.5
4849;98.5
4850;99.55
4851;99.57
4852;99.58
4853;99.12
4854;99.66
4855;98.5
4856;98.5
4857;98.75
4858;98.5
4859;99.45
4860;92.42
4861;98.5
4862;99.55
4863;99.68
4864;98.5
4865;98.5
4866;88.57
4867;98.5
4868;98.5
4869;98.5
4870;98.5
4871;99.94
4872;98.5
4873;55.87
4874;96.89
4875;98.5
4876;96.35
4877;99.83
4878;99.86
4879;98.98
4880;99.36
4881;99.96
4882;96.59
4883;98.87
4884;91.16
4885;98.6
4886;99.98
4887;84.26
4888;93
4889;92.46
4890;97.99
4891;97.19
4892;96.61
4893;100
4894;97.26
4895;99.96
4896;99.96
4897;99.93
4898;99.93
4899;69.69
4900;98.81
4901;98.58
4902;63.41
4903;99.96
4904;95.81
4905;52.82
4906;99.92
4907;99.96
4908;67.82
4909;83.82
4910;70.97
4911;80.65
4912;96.76
4913;83.68
4914;75.99
4915;63.78
4916;74.85
4917;99.98
4918;80.3
4919;76.58
4920;99.98
4921;84.09
4922;97.79
4923;98.65
4924;83.61
4925;99.56
4926;91.37
4927;99.57
4928;99.18
4929;99.43
4930;99.53
4931;99.39
4932;99.5
4933;99.39
4934;99.38
4935;99.47
4936;99.4
4937;99.44
4938;99.49
4939;99.29
4940;99.45
4941;63.82
4942;99.34
4943;99.37
4944;99.96
4945;99.63
4946;99.5
4947;99.27
4948;66.86
4949;99.64
4950;99.34
4951;99.41
4952;99.37
4953;99.38
4954;99.16
4955;99.2
4956;99.05
4957;99.15
4958;99.96
4959;99.28
4960;99.16
4961;99.61
4962;99.06
4963;86.32
4964;68.17
4965;90.09
4966;97.54
4967;96.51
4968;88.52
4969;97.16
4970;80.79
4971;96.35
4972;99.16
4973;99.96
4974;83.44
4975;97.07
4976;96.44
4977;83.27
4978;97.62
4979;82.03
4980;65.97
4981;99.96
4982;72.06
4983;99.96
4984;82.27
4985;99.96
4986;98.5
4987;98.49
4988;97.28
4989;73.01
4990;98.5
4991;99.96
4992;99.6
4993;99.96
4994;98.5
4995;98.5
4996;81.37
4997;78.9
4998;97.19
4999;95.59
5000;96.58
5001;89.7
5002;99.96
5003;76.73
5004;93.99
5005;96.48
5006;99.98
5007;96.73
5008;95.53
5009;85.68
5010;99.6
5011;99.98
5012;99.98
5013;92.25
5014;91.08
5015;93.76
5016;96.25
5017;71.69
5018;93.7
5019;91.27
5020;80.23
5021;86.34
5022;96.6
5023;92.53
5024;82.21
5025;93.9
5026;92.42
5027;93.7
5028;96.52
5029;93.43
5030;99.96
5031;71.17
5032;90.64
5033;93.39
5034;85.59
5035;84.47
5036;83.16
5037;99.96
5038;93.46
5039;99.98
5040;97.59
5041;90.39
5042;92.72
5043;99.93
5044;95.65
5045;84.82
5046;93.22
5047;84.28
5048;92.62
5049;63.5
5050;90.69
5051;97.43
5052;99.96
5053;91.34
5054;91.59
5055;96.78
5056;96.96
5057;99.96
5058;91.98
5059;92.21
5060;95.83
5061;96.36
5062;92.32
5063;92.42
5064;99.96
5065;98.5
5066;99.13
5067;96.26
5068;93.2
5069;98.54
5070;97.27
5071;93.14
5072;69.04
5073;94.37
5074;98.91
5075;98.5
5076;96.58
5077;98.5
5078;98.51
5079;98.72
5080;96.14
5081;98.5
5082;98.5
5083;94.32
5084;83.14
5085;98.5
5086;91.59
5087;98.51
5088;83.01
5089;93.18
5090;98.5
5091;69.86
5092;98.51
5093;99.21
5094;98.5
5095;99.16
5096;99.15
5097;98.65
5098;63.75
5099;99.34
5100;99.11
5101;96.17
5102;98.51
5103;98.51
5104;98.5
5105;99.56
5106;98.5
5107;98.5
5108;99.19
5109;98.5
5110;92.35
5111;98.5
5112;99.08
5113;98.5
5114;99.96
5115;99.31
5116;98.97
5117;99.89
5118;98.51
5119;98.5
5120;99.01
5121;99.21
5122;98.5
5123;98.5
5124;98.5
5125;98.97
5126;98.5
5127;98.51
5128;98.5
5129;98.96
5130;98.82
5131;99.74
5132;99.83
5133;98.5
5134;98.8
5135;98.5
5136;98.53
5137;99.13
5138;93.85
5139;98.5
5140;98.5
5141;98.5
5142;98.5
5143;67.46
5144;98.71
5145;98.51
5146;98.5
5147;98.5
5148;99.57
5149;98.5
5150;98.5
5151;99.22
5152;98.78
5153;99.38
5154;98.55
5155;98.5
5156;99.58
5157;98.5
5158;98.5
5159;98.5
5160;98.5
5161;99.39
5162;98.5
5163;98.5
5164;98.5
5165;99.98
5166;90.48
5167;98.5
5168;98.65
5169;99.27
5170;98.81
5171;98.51
5172;98.5
5173;92.11
5174;98.51
5175;98.5
5176;98.5
5177;98.5
5178;98.5
5179;98.5
5180;98.51
5181;98.64
5182;98.5
5183;99.23
5184;98.5
5185;98.5
5186;99.09
5187;91.31
5188;98.6
5189;98.5
5190;99.53
5191;98.5
5192;98.51
5193;98.5
5194;98.5
5195;88.54
5196;99.96
5197;96.72
5198;84.23
5199;98.5
5200;99.96
5201;98.5
5202;90.13
5203;98.5
5204;92.02
5205;98.5
5206;98.5
5207;98.5
5208;97.63
5209;80.82
5210;98.79
5211;66.12
5212;84.32
5213;63.47
5214;69.57
5215;51.92
5216;76.89
5217;98.5
5218;55.18
5219;99.66
5220;98.5
5221;98.5
5222;60.91
5223;63.82
5224;62.85
5225;70.49
5226;83.42
5227;73.54
5228;68.24
5229;79.52
5230;98.5
5231;77.89
5232;52.76
5233;98.5
5234;68.32
5235;98.5
5236;76.71
5237;57.89
5238;56.72
5239;98.5
5240;98.5
5241;71.22
5242;86.08
5243;83.89
5244;73.31
5245;78.15
5246;98.5
5247;65.24
5248;98.5
5249;85.77
5250;98.5
5251;98.5
5252;99.75
5253;98.5
5254;91.57
5255;65.21
5256;91.39
5257;93.26
5258;92.3
5259;86.63
5260;81.53
5261;98.51
5262;89.87
5263;52.77
5264;96.11
5265;90.58
5266;99.94
5267;98.63
5268;95.96
5269;91.57
5270;99.02
5271;98.72
5272;99.5
5273;98.5
5274;99.17
5275;98.39
5276;99.3
5277;93.69
5278;97.1
5279;92.22
5280;98.51
5281;95.98
5282;95.86
5283;93.37
5284;93.87
5285;96.89
5286;96.39
5287;93.21
5288;98.84
5289;92.02
5290;97.76
5291;94.05
5292;96.42
5293;99.96
5294;91.03
5295;99.96
5296;99.98
5297;99.55
5298;91.76
5299;86.17
5300;99.96
5301;99.38
5302;84.87
5303;99.81
5304;92.6
5305;85.01
5306;97.87
5307;97.21
5308;97.14
5309;92.23
5310;99.55
5311;99.21
5312;99.85
5313;99.58
5314;99.06
5315;99.93
5316;88.62
5317;98.53
5318;85.89
5319;98.5
5320;85.56
5321;99.87
5322;98.5
5323;98.5
5324;98.38
5325;99.23
5326;97.24
5327;99.59
5328;99.96
5329;99.69
5330;98.71
5331;96.94
5332;99.18
5333;95.88
5334;98.98
5335;97.34
5336;96.48
5337;98.2
5338;93.32
5339;95.65
5340;98.5
5341;96.27
5342;91.2
5343;70.91
5344;74.55
5345;70.08
5346;99.96
5347;75.12
5348;71.99
5349;59.94
5350;98.5
5351;68.33
5352;63.44
5353;96.35
5354;93.24
5355;98.5
5356;76.13
5357;67.2
5358;67.06
5359;66.81
5360;57.65
5361;67.19
5362;99.96
5363;93.04
5364;72.35
5365;92.92
5366;73.9
5367;78.73
5368;77.96
5369;76.21
5370;60.15
5371;92.17
5372;91.72
5373;67.54
5374;77.63
5375;57.39
5376;63.19
5377;64.08
5378;78.14
5379;98.5
5380;70.63
5381;60.13
5382;62.09
5383;57.55
5384;70.86
5385;73.3
5386;61.85
5387;70.12
5388;69.8
5389;73.97
5390;70.76
5391;55.62
5392;73.74
5393;69.61
5394;60.42
5395;85.36
5396;71.95
5397;76.82
5398;70.82
5399;59.67
5400;82.92
5401;83.16
5402;58.19
5403;93.54
5404;61.5
5405;82.24
5406;71.06
5407;68.27
5408;83.82
5409;83.05
5410;84.54
5411;84.82
5412;94.67
5413;86.02
5414;71.78
5415;67.6
5416;85.59
5417;91.64
5418;78.35
5419;81.26
5420;63.5
5421;90.28
5422;63.65
5423;91.08
5424;86.41
5425;67.21
5426;95.61
5427;92.34
5428;84.65
5429;81.15
5430;77.3
5431;92.67
5432;74.5
5433;77.72
5434;82.62
5435;79.81
5436;90.76
5437;92.45
5438;67.6
5439;82.24
5440;84.45
5441;84.75
5442;87.24
5443;90.29
5444;81.72
5445;93.63
5446;96.04
5447;93.63
5448;88.94
5449;84.85
5450;95.15
5451;69.78
5452;71.25
5453;91.64
5454;86.06
5455;78.74
5456;92.27
5457;85.77
5458;91.94
5459;71.19
5460;66.24
5461;85.39
5462;92.46
5463;87.04
5464;96.31
5465;76.22
5466;96.06
5467;93.24
5468;85.5
5469;88.16
5470;84.32
5471;74.48
5472;91.53
5473;68.35
5474;99.96
5475;85.68
5476;99.49
5477;99.96
5478;99.67
5479;99.56
5480;88.66
5481;98.98
5482;99.51
5483;99.51
5484;99.78
5485;89.6
5486;99.36
5487;99.67
5488;98.5
5489;98.5
5490;99.47
5491;98.5
5492;98.5
5493;99.68
5494;99.59
5495;99.56
5496;98.51
5497;99.59
5498;98.5
5499;98.5
5500;99.29
5501;99.59
5502;98.5
5503;99.54
5504;98.5
5505;98.5
5506;99.66
5507;99.34
5508;99.59
5509;98.5
5510;99.53
5511;99.96
5512;99.13
5513;99.07
5514;99.56
5515;99.59
5516;59.19
5517;99.96
5518;98.5
5519;98.5
5520;98.5
5521;99.02
5522;98.5
5523;99.64
5524;98.5
5525;98.51
5526;99.35
5527;99.18
5528;99.84
5529;99.2
5530;99.5
5531;99.46
5532;98.74
5533;98.66
5534;98.5
5535;98.5
5536;99.51
5537;99.59
5538;99.87
5539;98.7
5540;98.86
5541;99.71
5542;99.64
5543;98.5
5544;98.5
5545;98.5
5546;99.48
5547;99.96
5548;99.44
5549;74.8
5550;99.02
5551;99.4
5552;98.73
5553;99.5
5554;99.57
5555;99.72
5556;99.55
5557;99.51
5558;98.9
5559;99.54
5560;98.65
5561;98.5
5562;99.41
5563;99.5
5564;99.67
5565;98.5
5566;99.46
5567;99.64
5568;98.5
5569;96.39
5570;98.5
5571;99.84
5572;98.77
5573;98.51
5574;99.32
5575;99.25
5576;97.48
5577;83.27
5578;98.62
5579;99.22
5580;98.5
5581;99.73
5582;99.17
5583;60.05
5584;90.83
5585;98.84
5586;85.82
5587;99.59
5588;98.84
5589;98.5
5590;98.5
5591;99.96
5592;98.51
5593;98.5
5594;98.5
5595;99.96
5596;98.51
5597;99
5598;98.68
5599;98.5
5600;92.08
5601;98.5
5602;98.71
5603;98.5
5604;98.59
5605;98.5
5606;98.5
5607;99.89
5608;98.5
5609;98.5
5610;98.5
5611;98.5
5612;98.5
5613;88.15
5614;96.06
5615;71.53
5616;69.15
5617;71.11
5618;58.12
5619;98.5
5620;98.5
5621;98.5
5622;98.5
5623;99.54
5624;62.85
5625;70.69
5626;99.28
5627;98.5
5628;99.59
5629;65.92
5630;83.05
5631;63.28
5632;98.5
5633;82.02
5634;67.77
5635;76.94
5636;63.02
5637;78.94
5638;70.67
5639;71.98
5640;66.69
5641;85.1
5642;63.93
5643;60.62
5644;76.34
5645;69.32
5646;77.12
5647;69.7
5648;99.54
5649;83.65
5650;99.12
5651;98.5
5652;81.15
5653;86.22
5654;85.11
5655;98.5
5656;77.57
5657;58.55
5658;72
5659;98.5
5660;57.09
5661;77.22
5662;82.81
5663;98.72
5664;63.67
5665;98.5
5666;98.5
5667;96.64
5668;76.93
5669;74.28
5670;80.49
5671;81.52
5672;55.82
5673;99.41
5674;99.22
5675;99.28
5676;67.51
5677;81.39
5678;84.46
5679;98.95
5680;82.88
5681;69.35
5682;65.47
5683;81.13
5684;98.5
5685;92.47
5686;63.81
5687;83.66
5688;76.57
5689;77.89
5690;71.83
5691;76.8
5692;68.44
5693;79.07
5694;71.09
5695;82.01
5696;82.2
5697;84.44
5698;81.96
5699;84.13
5700;84.94
5701;79.33
5702;67.54
5703;85.14
5704;78.92
5705;99.35
5706;85.46
5707;99.93
5708;84.91
5709;65.22
5710;85.05
5711;65.66
5712;82.97
5713;99.98
5714;96.94
5715;65.97
5716;71.93
5717;98.5
5718;84.8
5719;80.74
5720;82.73
5721;99.16
5722;97.82
5723;71.07
5724;99.96
5725;76.06
5726;74.54
5727;85.28
5728;52.31
5729;76.26
5730;99.96
5731;82.08
5732;78.08
5733;83.51
5734;96.16
5735;98.5
5736;81.41
5737;89.87
5738;68.06
5739;99.96
5740;98.5
5741;99.27
5742;99.98
5743;72.54
5744;73.37
5745;98.5
5746;96.8
5747;99.59
5748;98.62
5749;80.25
5750;76.21
5751;99.12
5752;71.75
5753;78.75
5754;99.96
5755;99.92
5756;99.84
5757;98.79
5758;99.31
5759;98.5
5760;99.96
5761;99.99
5762;69.94
5763;73.06
5764;98.96
5765;99.96
5766;78.44
5767;96.28
5768;96.32
5769;70.34
5770;67.3
5771;85.16
5772;98.81
5773;71.79
5774;70.42
5775;80.44
5776;85.4
5777;66.37
5778;73.23
5779;99.98
5780;99.96
5781;74.19
5782;84.65
5783;73.87
5784;71.24
5785;81.28
5786;98.5
5787;98.5
5788;79.01
5789;74.04
5790;99.96
5791;73.83
5792;99.96
5793;99.93
5794;98.5
5795;79.94
5796;82.44
5797;90.77
5798;99.96
5799;99.96
5800;78.66
5801;98.7
5802;84.32
5803;99.96
5804;80.26
5805;75.62
5806;78.96
5807;70.65
5808;84.98
5809;99.96
5810;77.15
5811;86.07
5812;72.69
5813;80.62
5814;67.22
5815;73.17
5816;71.07
5817;78.75
5818;98.59
5819;98.5
5820;82.45
5821;99.96
5822;98.5
5823;99.59
5824;99.28
5825;98.97
5826;98.5
5827;98.75
5828;98.5
5829;68.96
5830;72.44
5831;98.86
5832;99.96
5833;78.24
5834;99.42
5835;69.19
5836;99.79
5837;81.62
5838;74.8
5839;63.81
5840;67.89
5841;71.19
5842;75.04
5843;92.17
5844;76.92
5845;84.64
5846;70.05
5847;77.91
5848;77.86
5849;69.36
5850;76.22
5851;85.5
5852;81.76
5853;87.24
5854;91.93
5855;90.95
5856;75.68
5857;66.3
5858;98.5
5859;94.07
5860;81.21
5861;79.54
5862;81.37
5863;83.67
5864;75.98
5865;92.28
5866;73.65
5867;99.96
5868;85.64
5869;90.36
5870;85.12
5871;78.18
5872;83.96
5873;78.14
5874;80.24
5875;70.54
5876;79.62
5877;79.82
5878;99.03
5879;83.84
5880;95.09
5881;53.45
5882;96.1
5883;58.85
5884;87.85
5885;77.42
5886;78.92
5887;85.96
5888;97.42
5889;74
5890;85.2
5891;57.89
5892;58.55
5893;83.43
5894;85.02
5895;93.35
5896;99.98
5897;84.48
5898;52.75
5899;84.63
5900;76.31
5901;99.55
5902;80
5903;96.17
5904;93.46
5905;96.36
5906;84.67
5907;69.58
5908;80.51
5909;52.03
5910;99.96
5911;81.19
5912;96.44
5913;96.47
5914;79.11
5915;79.09
5916;57.07
5917;89.23
5918;87.8
5919;99.56
5920;82.53
5921;92.72
5922;82.84
5923;99.96
5924;82
5925;95.71
5926;97.55
5927;99.56
5928;78.1
5929;99.58
5930;99.69
5931;55.29
5932;98.5
5933;96.22
5934;91.16
5935;99.96
5936;93.1
5937;98.5
5938;98.5
5939;99.34
5940;98.5
5941;98.5
5942;98.5
5943;98.5
5944;98.5
5945;98.5
5946;98.5
5947;98.5
5948;99.91
5949;98.5
5950;99.93
5951;99.43
5952;96.43
5953;98.5
5954;99.96
5955;98.5
5956;98.5
5957;98.5
5958;98.5
5959;95.74
5960;98.5
5961;99.93
5962;98.5
5963;98.5
5964;98.5
5965;98.59
5966;99.21
5967;99.96
5968;99.93
5969;97.4
5970;96.99
5971;98.74
5972;98.5
5973;98.5
5974;99.91
5975;98.63
5976;95.54
5977;99.29
5978;98.5
5979;86.15
5980;99.55
5981;99.93
5982;99.1
5983;99.93
5984;92.36
5985;98.5
5986;98.5
5987;98.5
5988;98.5
5989;98.5
5990;98.5
5991;98.5
5992;98.5
5993;99.93
5994;99.28
5995;98.5
5996;98.5
5997;98.04
5998;99.52
5999;98.56
6000;98.5
6001;98.75
6002;98.5
6003;97.99
6004;95.01
6005;98.5
6006;98.5
6007;98.45
6008;98.78
6009;93.49
6010;98.26
6011;98
6012;99.96
6013;0
6014;96.33
6015;96.95
6016;97.28
6017;97.4
6018;95.82
6019;89
6020;86.49
6021;99.96
6022;93.54
6023;99.47
6024;99.96
6025;99.23
6026;99.13
6027;99.56
6028;99.96
6029;98.5
6030;98.71
6031;99.51
6032;99.91
6033;98.51
6034;99.96
6035;99.22
6036;98.5
6037;98.99
6038;99.37
6039;99.79
6040;99.98
6041;98.6
6042;99.96
6043;92.01
6044;97.77
6045;95.87
6046;93.25
6047;93.93
6048;92.47
6049;99.96
6050;99.96
6051;99.57
6052;99.48
6053;99.61
6054;99.49
6055;99.66
6056;99.51
6057;99.44
6058;99.53
6059;99.38
6060;89.51
6061;99.59
6062;99.61
6063;99.52
6064;98.5
6065;98.5
6066;98.51
6067;98.51
6068;98.5
6069;99.59
6070;99.69
6071;99.31
6072;99.73
6073;98.5
6074;99.16
6075;98.5
6076;98.5
6077;99.01
6078;98.5
6079;98.5
6080;98.5
6081;98.5
6082;99.09
6083;98.89
6084;98.51
6085;98.89
6086;98.51
6087;98.6
6088;99.04
6089;99.96
6090;99.93
6091;98.65
6092;98.77
6093;99.93
6094;78.33
6095;95.82
6096;96.6
6097;96.6
6098;97.24
6099;93.94
6100;94.5
6101;97.31
6102;97.01
6103;95.79
6104;97.31
6105;97.01
6106;96.99
6107;99.6
6108;99.96
6109;99.11
6110;97.2
6111;96.78
6112;88
6113;52.26
6114;99.98
6115;99.98
6116;98.79
6117;99.96
6118;96.37
6119;51.08
6120;92.63
6121;70.57
6122;74.74
6123;97.05
6124;91.32
6125;85.89
6126;96.83
6127;99.69
6128;98.53
6129;96.91
6130;99.24
6131;99.27
6132;99.36
6133;99.5
6134;99.26
6135;90.86
6136;99.38
6137;99.54
6138;99.46
6139;99.61
6140;99.18
6141;99.52
6142;99.15
6143;99.63
6144;99.48
6145;99.3
6146;99.51
6147;93.13
6148;99.55
6149;99.63
6150;99.01
6151;99.17
6152;99.98
6153;99.96
6154;99.98
6155;99.93
6156;96.63
6157;95.78
6158;78.87
6159;98.03
6160;93.13
6161;78.11
6162;98.5
6163;98.5
6164;98.5
6165;98.5
6166;75.21
6167;70.36
6168;98.5
6169;98.5
6170;93.25
6171;98.5
6172;98.5
6173;97.63
6174;98.5
6175;79.91
6176;98.5
6177;94.03
6178;96.53
6179;96.11
6180;95.89
6181;86.47
6182;95.64
6183;96.3
6184;98.5
6185;96.28
6186;69.64
6187;94.27
6188;93.72
6189;95.64
6190;92.93
6191;97.16
6192;99.96
6193;58.8
6194;89.33
6195;99.96
6196;97.76
6197;97.73
6198;96.85
6199;92.24
6200;100
6201;99.96
6202;58.85
6203;92.55
6204;79.47
6205;96.88
6206;96.14
6207;99.93
6208;99.96
6209;93.68
6210;99.96
6211;95.58
6212;67.92
6213;94.74
6214;99.98
6215;97.85
6216;96.55
6217;96.31
6218;96.99
6219;85.48
6220;97.31
6221;95.12
6222;78.38
6223;96.91
6224;94.36
6225;96.62
6226;55.19
6227;94.44
6228;87.34
6229;84.98
6230;60.3
6231;96.43
6232;95.87
6233;99.64
6234;83.74
6235;86.3
6236;94.26
6237;87.03
6238;98.5
6239;90
6240;98.5
6241;99.73
6242;99.96
6243;98.58
6244;99.96
6245;89.61
6246;98.5
6247;92.69
6248;93.43
6249;98.98
6250;92.48
6251;99.96
6252;99.96
6253;99.75
6254;94.71
6255;94.55
6256;99.98
6257;96.72
6258;99.51
6259;99.93
6260;72.63
6261;99.2
6262;56.86
6263;78.17
6264;69.85
6265;71.31
6266;99.65
6267;74.67
6268;98.5
6269;72.05
6270;71.4
6271;64.39
6272;98.5
6273;72.04
6274;63.57
6275;71.5
6276;98.5
6277;64.44
6278;69.68
6279;98.5
6280;99.66
6281;56.77
6282;71.57
6283;81.25
6284;72.28
6285;70.96
6286;73.25
6287;70.08
6288;71.33
6289;72.45
6290;72.17
6291;98.5
6292;97.03
6293;97.1
6294;97.34
6295;74.45
6296;98.84
6297;99.27
6298;97.34
6299;93.62
6300;93.58
6301;87.95
6302;96.17
6303;98.86
6304;90.96
6305;99.96
6306;92.13
6307;92.01
6308;90.99
6309;99.96
6310;95.79
6311;93.7
6312;99.96
6313;83.38
6314;95.96
6315;99.05
6316;94.3
6317;98.5
6318;99.96
6319;99.44
6320;98.92
6321;99.96
6322;92.17
6323;97.85
6324;99.96
6325;97.09
6326;99.96
6327;92.21
6328;98.82
6329;99.89
6330;98.65
6331;99.5
6332;99.36
6333;99.96
6334;98.84
6335;99.81
6336;96.6
6337;95.56
6338;98.64
6339;99.26
6340;70.33
6341;99.19
6342;96.35
6343;98.7
6344;96.6
6345;98.31
6346;67.57
6347;99.96
6348;77.88
6349;66.75
6350;97.68
6351;99.93
6352;72.89
6353;98.5
6354;75.81
6355;72.42
6356;99.96
6357;57.1
6358;88.39
6359;67.87
6360;69.44
6361;71.07
6362;73.11
6363;80.36
6364;81.93
6365;99.61
6366;70.68
6367;63.38
6368;68.41
6369;62.43
6370;98.5
6371;63.48
6372;68.59
6373;69.84
6374;70.51
6375;51.89
6376;82.2
6377;66.76
6378;79.55
6379;81.56
6380;77.97
6381;71.2
6382;71.75
6383;68.53
6384;72.48
6385;70.03
6386;69.5
6387;72.14
6388;67.31
6389;69.42
6390;70.15
6391;69.6
6392;76.96
6393;82.38
6394;70.91
6395;57.9
6396;98.5
6397;63.32
6398;69.76
6399;73.27
6400;75.16
6401;62.85
6402;75.88
6403;68.67
6404;75.3
6405;76.12
6406;77.37
6407;60.07
6408;63.16
6409;69.08
6410;79.54
6411;77.22
6412;71.28
6413;63.86
6414;70.79
6415;80.96
6416;65.05
6417;73.12
6418;85.37
6419;69.74
6420;92.18
6421;74.09
6422;66.08
6423;76.9
6424;77.55
6425;70.41
6426;95.44
6427;98.5
6428;85.4
6429;69.72
6430;66.75
6431;83.64
6432;76.9
6433;81.56
6434;76.83
6435;79.1
6436;84.33
6437;70.89
6438;83.49
6439;77.73
6440;72.37
6441;93.24
6442;82.53
6443;93.13
6444;62.25
6445;77.85
6446;66.47
6447;66.51
6448;76.86
6449;87.94
6450;68.76
6451;85.17
6452;90.85
6453;85.97
6454;94.68
6455;90.18
6456;99.19
6457;83.86
6458;76.74
6459;73.56
6460;99.96
6461;90.54
6462;99.6
6463;98.5
6464;98.5
6465;99.31
6466;99
6467;98.5
6468;98.51
6469;73.57
6470;99.96
6471;98.5
6472;98.5
6473;99.11
6474;98.5
6475;99.96
6476;99.45
6477;99.96
6478;99.42
6479;99.95
6480;99.43
6481;98.5
6482;99.35
6483;98.5
6484;98.5
6485;98.5
6486;98.5
6487;98.5
6488;99.72
6489;81.79
6490;99.96
6491;98.5
6492;98.5
6493;98.5
6494;86.45
6495;98.5
6496;98.81
6497;67.91
6498;99.56
6499;98.5
6500;96.84
6501;96.51
6502;78.63
6503;98.5
6504;99.49
6505;58.15
6506;99.46
6507;98.5
6508;65.72
6509;98.5
6510;98.5
6511;75.95
6512;98.96
6513;69.63
6514;68.85
6515;99.69
6516;73.41
6517;93.98
6518;76.53
6519;63.37
6520;99.45
6521;70.14
6522;99.42
6523;92.88
6524;99.46
6525;79.67
6526;99.17
6527;62.14
6528;99.25
6529;99.18
6530;59.46
6531;82.85
6532;97.27
6533;77.05
6534;82.11
6535;74.08
6536;81.1
6537;98.5
6538;97.85
6539;96.21
6540;82.33
6541;98.5
6542;64.1
6543;76.84
6544;77.72
6545;76.56
6546;70.48
6547;74.13
6548;78.1
6549;77.83
6550;84.28
6551;99.17
6552;77.75
6553;60.97
6554;79.3
6555;83.39
6556;99.25
6557;79.71
6558;96.74
6559;85.25
6560;74.86
6561;83.2
6562;59.63
6563;57.42
6564;70.81
6565;74.41
6566;97.62
6567;80.75
6568;77.89
6569;81.86
6570;81.8
6571;97.98
6572;74.75
6573;98.09
6574;82.61
6575;79.67
6576;77.74
6577;72.26
6578;74.51
6579;75.63
6580;96.11
6581;99.96
6582;99.9
6583;98.5
6584;99.96
6585;98.5
6586;99.96
6587;99.98
6588;97.16
6589;98.51
6590;88.53
6591;98.65
6592;83.1
6593;96.75
6594;98.5
6595;99.96
6596;70.54
6597;99.96
6598;99.96
6599;98.5
6600;99.96
6601;99.33
6602;99.96
6603;99.96
6604;99.96
6605;68.82
6606;99.93
6607;50.56
6608;68.9
6609;75.22
6610;78.74
6611;83.51
6612;67.14
6613;80.22
6614;93.15
6615;98.4
6616;79.53
6617;91.05
6618;79.71
6619;93.6
6620;99.96
6621;68.82
6622;73.05
6623;69.75
6624;99.85
6625;96.63
6626;99.96
6627;99.96
6628;71.3
6629;97.12
6630;99.96
6631;99.96
6632;99.96
6633;99.89
6634;68.91
6635;99.96
6636;99.96
6637;72.2
6638;99.42
6639;99.96
6640;99.96
6641;98.5
6642;75.68
6643;99.96
6644;99.96
6645;99.96
6646;99.21
6647;90.37
6648;99.96
6649;70.92
6650;81.44
6651;99.96
6652;99.96
6653;75.93
6654;75.2
6655;96.73
6656;95.77
6657;70.5
6658;71.46
6659;69.68
6660;99.76
6661;98.5
6662;79.17
6663;80.79
6664;89.66
6665;78.62
6666;83.13
6667;99.96
6668;85.35
6669;70.5
6670;98.65
6671;85.16
6672;66.21
6673;96.26
6674;92.57
6675;85.84
6676;82.65
6677;69.84
6678;93.73
6679;93.73
6680;84.04
6681;99.62
6682;91.41
6683;80.04
6684;84.11
6685;76.47
6686;83.82
6687;75.7
6688;81.61
6689;83.24
6690;76.26
6691;55.59
6692;86.7
6693;83.92
6694;90.63
6695;91.29
6696;95.37
6697;96.38
6698;86.31
6699;99.45
6700;97.54
6701;96.52
6702;96.62
6703;84.08
6704;82.37
6705;87.54
6706;99.96
6707;93.01
6708;56.63
6709;57.75
6710;83.59
6711;84.1
6712;99.96
6713;96.81
6714;98.5
6715;84.2
6716;96.81
6717;98.5
6718;98.52
6719;98.5
6720;99.83
6721;98.5
6722;99.58
6723;99.33
6724;99.93
6725;98.09
6726;99.93
6727;99.8
6728;97.72
6729;97.26
6730;85.24
6731;99.27
6732;98.5
6733;98.5
6734;98.5
6735;98.5
6736;97.42
6737;98.5
6738;98.5
6739;98.5
6740;98.5
6741;98.5
6742;98.5
6743;99.28
6744;98.75
6745;98.57
6746;99.06
6747;95.68
6748;98.71
6749;98.44
6750;98.5
6751;98.5
6752;98.94
6753;98.5
6754;98.23
6755;97.56
6756;96.06
6757;96.59
6758;89.43
6759;72.45
6760;84.38
6761;80.48
6762;96.69
6763;96
6764;99.56
6765;99.65
6766;99.06
6767;99.83
6768;99.44
6769;98.51
6770;99.18
6771;94.26
6772;97.21
6773;93.94
6774;99.93
6775;95.37
6776;99.5
6777;99.56
6778;99.47
6779;99.52
6780;99.56
6781;99.25
6782;99.64
6783;98.5
6784;99.54
6785;99.57
6786;99.54
6787;99.55
6788;98.5
6789;98.5
6790;99.47
6791;99.34
6792;98.5
6793;99.78
6794;98.5
6795;99.57
6796;98.5
6797;99.24
6798;98.73
6799;98.5
6800;99.26
6801;98.5
6802;98.58
6803;98.51
6804;98.5
6805;99.8
6806;99.45
6807;98.51
6808;85.66
6809;98.5
6810;98.5
6811;94.44
6812;97.7
6813;98.5
6814;99.49
6815;96.03
6816;96.97
6817;78.25
6818;74.65
6819;92.04
6820;97.14
6821;97.25
6822;96.75
6823;99.98
6824;96.74
6825;97
6826;97.26
6827;96.8
6828;99.67
6829;52.22
6830;96.18
6831;96.7
6832;99.98
6833;88.54
6834;92.31
6835;96.66
6836;96.46
6837;96.6
6838;96.91
6839;95.61
6840;96.87
6841;98.5
6842;98.83
6843;99.25
6844;98.76
6845;99.58
6846;99.26
6847;95.65
6848;92.39
6849;99.98
6850;99.98
6851;99.93
6852;97.91
6853;73.17
6854;72.57
6855;63.48
6856;99.93
6857;70.78
6858;99.19
6859;84
6860;95.81
6861;94.8
6862;99.96
6863;72.47
6864;92.8
6865;65.72
6866;97.29
6867;99.93
6868;65.88
6869;91.95
6870;97.16
6871;99.45
6872;99.96
6873;98.29
6874;98.23
6875;86.24
6876;98.5
6877;98.5
6878;96.59
6879;67.36
6880;98.5
6881;98.5
6882;93.62
6883;98.5
6884;99.96
6885;98.5
6886;98.5
6887;99.98
6888;93.99
6889;99.98
6890;82.11
6891;93.46
6892;86.89
6893;98.5
6894;99.98
6895;98.5
6896;92.47
6897;96.9
6898;98.5
6899;99.98
6900;55.96
6901;96.34
6902;95.06
6903;99.98
6904;86.82
6905;96.92
6906;96.11
6907;97.42
6908;93.82
6909;95.98
6910;93.43
6911;82.79
6912;99.98
6913;95.63
6914;94.26
6915;99.98
6916;97.35
6917;96.97
6918;97.04
6919;88.13
6920;97.05
6921;94.59
6922;99.96
6923;83.71
6924;94.32
6925;94.58
6926;97.59
6927;97.07
6928;87.97
6929;96.16
6930;96.01
6931;99.93
6932;96.28
6933;96.52
6934;95.54
6935;96.08
6936;51.73
6937;87.65
6938;96.96
6939;96.1
6940;86.8
6941;76.14
6942;97
6943;97.35
6944;99.96
6945;96.95
6946;97.06
6947;93.73
6948;96.75
6949;97.2
6950;98.28
6951;96.06
6952;97.69
6953;95.49
6954;96.56
6955;96.69
6956;93.78
6957;96.63
6958;96.34
6959;94.05
6960;86.47
6961;85.29
6962;79.91
6963;60.44
6964;76.62
6965;82.05
6966;99.96
6967;91.6
6968;95.37
6969;82.6
6970;69.13
6971;99.93
6972;92.03
6973;63.55
6974;83.49
6975;99.96
6976;83.16
6977;97.15
6978;96.09
6979;79.4
6980;97.25
6981;96.22
6982;85.37
6983;98.28
6984;96.47
6985;81.29
6986;85.54
6987;97.37
6988;98.5
6989;99.31
6990;98.5
6991;95.25
6992;98.73
6993;98.5
6994;96.82
6995;98.5
6996;99.55
6997;98.5
6998;97.22
6999;99.98
7000;98.5
7001;98.55
7002;99.96
7003;80
7004;99.96
7005;99.96
7006;92.58
7007;68.73
7008;99.96
7009;96.63
7010;97.65
7011;99.96
7012;99.98
7013;92.86
7014;99.84
7015;99.98
7016;69.05
7017;64.97
7018;98.5
7019;75.79
7020;98.5
7021;72.07
7022;59.81
7023;62.22
7024;59.77
7025;98.5
7026;61.07
7027;72.23
7028;67.97
7029;98.5
7030;76.96
7031;73.28
7032;66.09
7033;98.5
7034;99.24
7035;80.17
7036;99.95
7037;98.89
7038;96.57
7039;99.31
7040;99.96
7041;98.5
7042;99.46
7043;94.48
7044;95.8
7045;99.96
7046;96.46
7047;96.01
7048;82.17
7049;93.31
7050;97.41
7051;97.8
7052;96.58
7053;97.12
7054;80.27
7055;79.97
7056;96.93
7057;75.2
7058;95.7
7059;97.3
7060;82.48
7061;95.93
7062;99.96
7063;97.45
7064;76.82
7065;96.92
7066;98.47
7067;99.96
7068;98.8
7069;97.51
7070;70.3
7071;97.05
7072;99.16
7073;97.81
7074;98.56
7075;78.85
7076;99.83
7077;97.94
7078;97.1
7079;98.5
7080;98.5
7081;99.81
7082;92.28
7083;99.96
7084;99.68
7085;85.18
7086;99.02
7087;79.16
7088;99.96
7089;98.5
7090;98.4
7091;98.48
7092;50.89
7093;96.77
7094;98.85
7095;93.27
7096;98.61
7097;72.5
7098;62.55
7099;99.96
7100;92.14
7101;89.93
7102;63.45
7103;65.84
7104;77.28
7105;64.62
7106;70.21
7107;95.16
7108;71.62
7109;72.66
7110;76.35
7111;70.2
7112;91.59
7113;72.55
7114;71.29
7115;69.31
7116;78.42
7117;76.97
7118;65.04
7119;63.89
7120;65.56
7121;62.91
7122;95.52
7123;96.48
7124;77.42
7125;98.5
7126;99.93
7127;72.65
7128;63.64
7129;65.26
7130;66.61
7131;99.96
7132;71.37
7133;74.3
7134;70.37
7135;91.23
7136;68.83
7137;73.72
7138;99.18
7139;83.22
7140;60.28
7141;69.38
7142;65.79
7143;55.9
7144;53.85
7145;93.95
7146;97.37
7147;97.09
7148;68.78
7149;54.06
7150;69.69
7151;99.93
7152;85.12
7153;94.03
7154;58.28
7155;65.53
7156;71
7157;90.65
7158;74.82
7159;71.18
7160;99.93
7161;68.12
7162;78.14
7163;78.06
7164;85
7165;80.37
7166;85.84
7167;78
7168;75.23
7169;88.16
7170;69.01
7171;83
7172;87.27
7173;81.74
7174;84.06
7175;94.16
7176;82.46
7177;98.5
7178;81.74
7179;75.18
7180;84.69
7181;93.51
7182;82.68
7183;79.01
7184;74.26
7185;73.5
7186;73.73
7187;88.2
7188;78.78
7189;85.27
7190;83.9
7191;98.5
7192;98.5
7193;99.33
7194;98.5
7195;99.59
7196;98.5
7197;98.5
7198;98.5
7199;98.84
7200;99.62
7201;98.5
7202;98.5
7203;99.59
7204;95.71
7205;93.89
7206;98.81
7207;98.5
7208;99
7209;98.5
7210;98.5
7211;98.5
7212;99.96
7213;98.86
7214;99.11
7215;98.5
7216;98.5
7217;99.45
7218;99.34
7219;99.62
7220;98.5
7221;81.74
7222;98.5
7223;99.31
7224;98.5
7225;81.44
7226;96.78
7227;99.46
7228;99.58
7229;98.81
7230;98.5
7231;99
7232;69.16
7233;65.57
7234;72.29
7235;99.07
7236;60.56
7237;75.53
7238;100
7239;69.66
7240;99.44
7241;74.13
7242;98.5
7243;92.03
7244;99.34
7245;64.65
7246;99.96
7247;99.13
7248;61.74
7249;99.49
7250;68.15
7251;98.5
7252;51.08
7253;86.26
7254;61.02
7255;60.95
7256;66.14
7257;92.01
7258;98.5
7259;82.78
7260;77.75
7261;84.15
7262;78.44
7263;75.88
7264;93.58
7265;96.68
7266;99.34
7267;64.12
7268;98.5
7269;85.14
7270;98.5
7271;80.45
7272;61.75
7273;72.85
7274;97.01
7275;68.25
7276;81.32
7277;52.24
7278;98
7279;99.25
7280;82.47
7281;58.1
7282;73.65
7283;85.62
7284;79.12
7285;98.13
7286;59.19
7287;79.03
7288;80.28
7289;73.42
7290;99.96
7291;62.11
7292;81.56
7293;84.92
7294;78.93
7295;69.83
7296;84.66
7297;85.49
7298;84.4
7299;52.13
7300;66.84
7301;81.92
7302;81.45
7303;53.25
7304;99.34
7305;77.55
7306;86.57
7307;55.28
7308;86.39
7309;86.44
7310;81.08
7311;94.55
7312;97.65
7313;79.52
7314;66.5
7315;83.8
7316;72.02
7317;98.45
7318;76.18
7319;87.11
7320;98.18
7321;94.07
7322;77.76
7323;91.14
7324;91.16
7325;68.77
7326;80.45
7327;82.51
7328;78.99
7329;98.73
7330;98.03
7331;94.76
7332;97.14
7333;78.81
7334;81.63
7335;98.5
7336;77.94
7337;72.05
7338;97.17
7339;80.9
7340;99.57
7341;83.65
7342;99.96
7343;99.62
7344;74.98
7345;77.41
7346;99.96
7347;97.23
7348;99.09
7349;99.96
7350;82.28
7351;98.5
7352;98.5
7353;78.8
7354;98.85
7355;98.5
7356;87.2
7357;98.5
7358;68.03
7359;62.85
7360;80.26
7361;99.96
7362;99.96
7363;78.37
7364;77.28
7365;98.5
7366;99.96
7367;99.96
7368;99.96
7369;71.16
7370;98.5
7371;72.96
7372;94.15
7373;98.5
7374;99.5
7375;83.67
7376;96.93
7377;98.97
7378;99.96
7379;99.59
7380;99.98
7381;98.5
7382;97.31
7383;93.12
7384;70.18
7385;97.54
7386;98.5
7387;73.83
7388;99.93
7389;99.18
7390;99.52
7391;99.96
7392;99.32
7393;99.3
7394;99.96
7395;99.11
7396;70.87
7397;56.87
7398;99.96
7399;98.51
7400;68.22
7401;83.87
7402;96.49
7403;98.5
7404;92.26
7405;70.12
7406;74.31
7407;99.26
7408;67.92
7409;71.64
7410;99.66
7411;73.37
7412;91.44
7413;93.25
7414;80.37
7415;82.05
7416;69.78
7417;70.11
7418;86.72
7419;86.12
7420;69.37
7421;97.53
7422;71.19
7423;85.64
7424;98.5
7425;83.79
7426;94.08
7427;71.19
7428;92.81
7429;99.98
7430;85.13
7431;96.8
7432;79.26
7433;94.06
7434;83.38
7435;85.92
7436;51.81
7437;84.1
7438;55.91
7439;93.57
7440;77.3
7441;50.97
7442;98.5
7443;98.5
7444;99.96
7445;76.1
7446;90.68
7447;85.3
7448;90.42
7449;99.93
7450;55.51
7451;99.96
7452;99.31
7453;99.96
7454;82.77
7455;80.97
7456;98.5
7457;80.96
7458;99.96
7459;83.65
7460;96.77
7461;98.82
7462;86.32
7463;99.46
7464;99.96
7465;97.17
7466;99.89
7467;98.83
7468;99.18
7469;99.96
7470;99.96
7471;99.96
7472;96.46
7473;98.5
7474;91.4
7475;95.08
7476;95.91
7477;98.57
7478;98.5
7479;99.96
7480;92.63
7481;97.38
7482;99.96
7483;97.76
7484;92.76
7485;98.5
7486;99.96
7487;99.98
7488;99.93
7489;99.96
7490;99.96
7491;99.96
7492;98.5
7493;99.96
7494;98.5
7495;96.31
7496;97.09
7497;92.63
7498;99.93
7499;98.84
7500;97.46
7501;98.5
7502;99.45
7503;98.5
7504;100
7505;99.39
7506;99.86
7507;99.75
7508;98.5
7509;96.41
7510;98.5
7511;96.82
7512;98.5
7513;97.3
7514;99.84
7515;98.5
7516;99.39
7517;97.96
7518;99.25
7519;98.5
7520;99.28
7521;98.5
7522;98.91
7523;98.5
7524;98.59
7525;98.7
7526;98.5
7527;98.5
7528;98.71
7529;98.5
7530;98.5
7531;98.94
7532;98.88
7533;99.19
7534;93.64
7535;66.84
7536;65.22
7537;98.51
7538;98.51
7539;98.51
7540;98.51
7541;98.51
7542;98.51
7543;98.51
7544;98.51
7545;98.51
7546;98.51
7547;98.51
7548;98.51
7549;98.51
7550;98.51
7551;98.51
7552;98.51
7553;98.51
7554;98.51
7555;98.51
7556;98.51
7557;98.51
7558;98.51
7559;98.51
7560;98.51
7561;98.51
7562;98.51
7563;98.51
7564;98.51
7565;98.51
7566;98.51
7567;98.51
7568;98.51
7569;98.51
7570;98.51
7571;98.51
7572;98.51
7573;98.51
7574;98.51
7575;98.51
7576;98.51
7577;98.51
7578;98.51
7579;98.51
7580;98.51
7581;98.51
7582;98.51
7583;98.51
7584;98.51
7585;98.51
7586;98.51
7587;98.51
7588;98.51
7589;98.51
7590;98.51
7591;98.51
7592;98.51
7593;98.51
7594;98.51
7595;98.51
7596;98.51
7597;98.51
7598;98.51
7599;98.51
7600;98.51
7601;98.51
7602;98.51
7603;98.51
7604;98.51
7605;98.51
7606;98.51
7607;98.51
7608;98.51
7609;98.51
7610;98.51
7611;98.51
7612;98.51
7613;98.51
7614;98.51
7615;98.51
7616;98.51
7617;98.51
7618;98.51
7619;98.51
7620;98.51
7621;98.51
7622;98.51
7623;98.51
7624;98.51
7625;98.51
7626;98.51
7627;98.51
7628;98.51
7629;98.51
7630;98.51
7631;98.51
7632;98.51
7633;98.51
7634;98.51
7635;98.51
7636;98.51
7637;98.51
7638;98.51
7639;98.51
7640;98.51
7641;98.51
7642;98.51
7643;98.51
7644;98.51
7645;98.51
7646;98.51
7647;98.51
7648;98.51
7649;98.51
7650;98.51
7651;98.51
7652;98.51
7653;98.51
7654;98.51
7655;98.51
7656;98.51
7657;98.51
7658;98.51
7659;98.51
7660;98.51
7661;98.51
7662;98.51
7663;98.51
7664;98.51
7665;98.51
7666;98.51
7667;98.51
7668;98.51
7669;98.51
7670;98.51
7671;98.51
7672;98.51
7673;98.51
7674;98.51
7675;98.51
7676;98.51
7677;98.51
7678;98.51
7679;98.51
7680;98.51
7681;98.51
7682;98.51
7683;98.51
7684;98.51
7685;98.51
7686;98.51
7687;98.51
7688;98.51
7689;98.51
7690;98.51
7691;98.51
7692;98.51
7693;98.51
7694;98.51
7695;98.51
7696;98.51
7697;98.51
7698;98.51
7699;98.51
7700;98.51
7701;98.51
7702;98.51
7703;98.51
7704;98.51
7705;98.51
7706;98.51
7707;98.51
7708;98.51
7709;98.51
7710;98.51
7711;98.51
7712;98.51
7713;98.51
7714;98.51
7715;98.51
7716;98.51
7717;98.51
7718;98.51
7719;98.51
7720;98.51
7721;98.51
7722;98.51
7723;98.51
7724;98.51
7725;98.51
7726;98.51
7727;98.51
7728;98.51
7729;98.51
7730;98.51
7731;98.51
7732;98.51
7733;98.51
7734;98.51
7735;98.51
7736;98.51
7737;98.51
7738;98.51
7739;98.51
7740;98.51
7741;98.51
7742;98.51
7743;98.51
7744;98.51
7745;98.51
7746;98.51
7747;98.51
7748;98.51
7749;98.51
7750;98.51
7751;98.51
7752;98.51
7753;98.51
7754;98.51
7755;98.51
7756;98.51
7757;98.51
7758;98.51
7759;98.51
7760;98.51
7761;98.51
7762;98.51
7763;98.51
7764;98.51
7765;98.51
7766;98.51
7767;98.51
7768;98.51
7769;98.51
7770;98.51
7771;98.51
7772;98.51
7773;98.51
7774;98.51
7775;98.51
7776;98.51
7777;98.51
7778;98.51
7779;98.51
7780;98.51
7781;98.51
7782;98.51
7783;98.51
7784;98.51
7785;98.51
7786;98.51
7787;98.51
7788;98.51
7789;98.51
7790;98.51
7791;98.51
7792;98.51
7793;98.51
7794;98.51
7795;98.51
7796;98.51
7797;98.51
7798;98.51
7799;98.51
7800;98.51
7801;98.51
7802;98.51
7803;98.51
7804;98.51
7805;98.51
7806;98.51
7807;98.51
7808;98.51
7809;98.51
7810;98.51
7811;98.51
7812;98.51
7813;98.51
7814;98.51
7815;98.51
7816;98.51
7817;98.51
7818;98.51
7819;98.51
7820;98.51
7821;98.51
7822;98.51
7823;98.51
7824;98.51
7825;98.51
7826;98.51
7827;98.51
7828;98.51
7829;98.51
7830;98.51
7831;98.51
7832;98.51
7833;98.51
7834;98.51
7835;98.51
7836;98.51
7837;98.51
7838;98.51
7839;98.51
7840;98.51
7841;98.51
7842;98.51
7843;98.51
7844;98.51
7845;98.51
7846;98.51
7847;98.51
7848;98.51
7849;98.51
7850;98.51
7851;98.51
7852;98.51
7853;98.51
7854;98.51
7855;98.51
7856;98.51
7857;98.51
7858;98.51
7859;98.51
7860;98.51
7861;98.51
7862;98.51
7863;98.51
7864;98.51
7865;98.51
7866;98.51
7867;98.51
7868;98.51
7869;98.51
7870;98.51
7871;98.51
7872;98.51
7873;98.51
7874;98.51
7875;98.51
7876;98.51
7877;98.51
7878;98.51
7879;98.51
7880;98.51
7881;98.51
7882;98.51
7883;98.51
7884;98.51
7885;98.51
7886;98.51
7887;98.51
7888;98.51
7889;98.51
7890;98.51
7891;98.51
7892;98.51
7893;98.51
7894;98.51
7895;98.51
7896;98.51
7897;98.51
7898;98.51
7899;98.51
7900;98.51
7901;98.51
7902;98.51
7903;98.51
7904;98.51
7905;98.51
7906;98.51
7907;98.51
7908;98.51
7909;98.51
7910;98.51
7911;98.51
7912;98.51
7913;98.51
7914;98.51
7915;98.51
7916;98.51
7917;98.51
7918;98.51
7919;98.51
7920;98.51
7921;98.51
7922;98.51
7923;98.51
7924;98.51
7925;98.51
7926;98.51
7927;98.51
7928;98.51
7929;98.51
7930;98.51
7931;98.51
7932;98.51
7933;98.51
7934;98.51
7935;98.51
7936;98.51
7937;98.51
7938;98.51
7939;98.51
7940;98.51
7941;98.51
7942;98.51
7943;98.51
7944;98.51
7945;98.51
7946;98.51
7947;98.51
7948;98.51
7949;98.51
7950;98.51
7951;98.51
7952;98.51
7953;98.51
7954;98.51
7955;98.51
7956;98.51
7957;98.51
7958;98.51
7959;98.51
7960;98.51
7961;98.51
7962;98.51
7963;98.51
7964;98.51
7965;98.51
7966;98.51
7967;98.51
7968;98.51
7969;98.51
7970;98.51
7971;98.51
7972;98.51
7973;98.51
7974;98.51
7975;98.51
7976;98.51
7977;98.51
7978;98.51
7979;98.51
7980;98.51
7981;98.51
7982;98.51
7983;98.51
7984;98.51
7985;98.51
7986;98.51
7987;98.51
7988;98.51
7989;98.51
7990;98.51
7991;98.51
7992;98.51
7993;98.51
7994;99.35
7995;98.51
7996;98.51
7997;98.51
7998;98.51
7999;98.51
8000;98.51
8001;98.51
8002;98.51
8003;98.51
8004;98.51
8005;98.51
8006;98.51
8007;98.51
8008;98.51
8009;98.51
8010;98.51
8011;98.51
8012;98.51
8013;98.51
8014;98.51
8015;98.51
8016;98.51
8017;98.51
8018;98.51
8019;98.51
8020;98.51
8021;98.51
8022;98.51
8023;98.51
8024;98.51
8025;98.51
8026;98.51
8027;98.51
8028;98.51
8029;98.51
8030;98.51
8031;98.51
8032;98.51
8033;98.51
8034;98.51
8035;98.51
8036;98.51
8037;98.51
8038;98.51
8039;98.51
8040;98.51
8041;98.51
8042;98.51
8043;98.51
8044;98.51
8045;98.51
8046;98.51
8047;98.51
8048;98.51
8049;98.51
8050;98.51
8051;98.51
8052;98.51
8053;98.51
8054;98.51
8055;98.51
8056;98.51
8057;98.51
8058;99.96
8059;98.51
8060;98.51
8061;98.51
8062;98.51
8063;98.51
8064;98.51
8065;98.51
8066;98.51
8067;98.51
8068;98.51
8069;98.51
8070;98.51
8071;98.51
8072;98.51
8073;98.51
8074;98.51
8075;98.51
8076;98.51
8077;98.51
8078;98.51
8079;98.51
8080;98.51
8081;98.51
8082;98.51
8083;98.51
8084;98.51
8085;98.51
8086;98.51
8087;98.51
8088;98.51
8089;98.51
8090;98.51
8091;98.51
8092;98.51
8093;98.51
8094;98.51
8095;98.51
8096;98.51
8097;98.51
8098;98.51
8099;98.51
8100;98.51
8101;99.96
8102;98.51
8103;98.51
8104;98.51
8105;98.51
8106;98.51
8107;98.51
8108;98.51
8109;98.51
8110;98.51
8111;98.51
8112;98.51
8113;98.51
8114;98.51
8115;98.51
8116;98.51
8117;98.51
8118;98.51
8119;98.51
8120;98.51
8121;98.51
8122;98.51
8123;98.51
8124;98.51
8125;98.51
8126;98.51
8127;98.51
8128;98.51
8129;98.51
8130;98.51
8131;98.5
8132;98.51
8133;98.51
8134;98.51
8135;98.51
8136;98.51
8137;98.51
8138;98.51
8139;98.51
8140;98.51
8141;98.51
8142;98.51
8143;98.51
8144;98.51
8145;98.51
8146;98.51
8147;98.51
8148;98.51
8149;98.51
8150;98.51
8151;98.51
8152;98.51
8153;98.51
8154;98.51
8155;98.51
8156;98.51
8157;98.51
8158;98.51
8159;98.51
8160;98.51
8161;98.51
8162;98.51
8163;98.51
8164;98.51
8165;98.51
8166;98.51
8167;98.51
8168;98.51
8169;98.51
8170;98.51
8171;98.51
8172;98.51
8173;98.51
8174;98.51
8175;98.51
8176;98.51
8177;98.51
8178;98.51
8179;98.51
8180;98.51
8181;98.51
8182;98.51
8183;98.51
8184;98.51
8185;98.51
